reading_id,patient_id,timestamp,metric,value,source,device_id,connectivity_status,quality_label,gap_before_hours,is_gap,notes,scenario
22f546c7,P001,2026-08-18 20:13:00.500823+00:00,diastolic_bp,74.64,device,DEV-P001-001,online,good,0.0,False,,stable_normal
eb54a3d9,P001,2026-08-20 05:13:00.500823+00:00,diastolic_bp,71.95,device,DEV-P001-001,online,good,33.0,False,,stable_normal
92aecd89,P001,2026-08-21 03:13:00.500823+00:00,diastolic_bp,67.89,device,DEV-P001-001,online,good,22.0,False,,stable_normal
f0b56e00,P001,2026-08-22 08:13:00.500823+00:00,diastolic_bp,72.65,device,DEV-P001-001,online,good,29.0,False,,stable_normal
e910e1c8,P001,2026-08-22 23:13:00.500823+00:00,diastolic_bp,70.35,device,DEV-P001-001,online,good,15.0,False,,stable_normal
acae1e49,P001,2026-08-23 15:13:00.500823+00:00,diastolic_bp,76.55,device,DEV-P001-001,online,good,16.0,False,,stable_normal
8e9b933e,P001,2026-08-24 15:13:00.500823+00:00,diastolic_bp,73.6,device,DEV-P001-001,online,good,24.0,False,,stable_normal
5ec963fc,P001,2026-08-26 02:13:00.500823+00:00,diastolic_bp,70.33,device,DEV-P001-001,online,good,35.0,False,,stable_normal
4d66cff4,P001,2026-08-27 07:13:00.500823+00:00,diastolic_bp,73.49,device,DEV-P001-001,online,good,29.0,False,,stable_normal
49fd0e1c,P001,2026-08-28 03:13:00.500823+00:00,diastolic_bp,71.55,device,DEV-P001-001,online,good,20.0,False,,stable_normal
5620dfb1,P001,2026-08-28 17:13:00.500823+00:00,diastolic_bp,75.72,device,DEV-P001-001,online,good,14.0,False,,stable_normal
8a33d99a,P001,2026-08-30 05:13:00.500823+00:00,diastolic_bp,75.09,device,DEV-P001-001,online,good,36.0,False,,stable_normal
6494d574,P001,2026-08-30 19:13:00.500823+00:00,diastolic_bp,66.84,device,DEV-P001-001,online,good,14.0,False,,stable_normal
a80b0145,P001,2026-09-01 02:13:00.500823+00:00,diastolic_bp,71.04,device,DEV-P001-001,online,good,31.0,False,,stable_normal
b03f6a23,P001,2026-09-01 15:13:00.500823+00:00,diastolic_bp,71.13,device,DEV-P001-001,online,good,13.0,False,,stable_normal
67c58161,P001,2026-09-03 06:13:00.500823+00:00,diastolic_bp,74.26,device,DEV-P001-001,online,good,39.0,False,,stable_normal
db22eb1e,P001,2026-09-04 03:13:00.500823+00:00,diastolic_bp,73.68,device,DEV-P001-001,online,good,21.0,False,,stable_normal
ef3654de,P001,2026-09-05 00:13:00.500823+00:00,diastolic_bp,70.74,device,DEV-P001-001,online,good,21.0,False,,stable_normal
6988ff86,P001,2026-09-05 18:13:00.500823+00:00,diastolic_bp,74.99,device,DEV-P001-001,online,good,18.0,False,,stable_normal
1f516999,P001,2026-09-06 20:13:00.500823+00:00,diastolic_bp,75.41,device,DEV-P001-001,online,good,26.0,False,,stable_normal
9075f8e5,P001,2026-09-07 12:13:00.500823+00:00,diastolic_bp,76.02,device,DEV-P001-001,online,good,16.0,False,,stable_normal
a247bd06,P001,2026-09-08 20:13:00.500823+00:00,diastolic_bp,70.59,device,DEV-P001-001,online,good,32.0,False,,stable_normal
2dcbda3a,P001,2026-09-09 21:13:00.500823+00:00,diastolic_bp,73.44,device,DEV-P001-001,online,good,25.0,False,,stable_normal
004f880c,P001,2026-09-11 04:13:00.500823+00:00,diastolic_bp,73.69,device,DEV-P001-001,online,good,31.0,False,,stable_normal
0578d34d,P001,2026-09-11 18:13:00.500823+00:00,diastolic_bp,72.99,device,DEV-P001-001,online,good,14.0,False,,stable_normal
91e51833,P001,2026-09-12 17:13:00.500823+00:00,diastolic_bp,66.96,device,DEV-P001-001,online,good,23.0,False,,stable_normal
ddacf59e,P001,2026-09-13 13:13:00.500823+00:00,diastolic_bp,74.55,device,DEV-P001-001,online,good,20.0,False,,stable_normal
1d4ac626,P001,2026-09-14 15:13:00.500823+00:00,diastolic_bp,73.26,device,DEV-P001-001,online,good,26.0,False,,stable_normal
c6ad51a8,P001,2026-09-15 22:13:00.500823+00:00,diastolic_bp,73.1,device,DEV-P001-001,online,good,31.0,False,,stable_normal
9868f4ed,P001,2026-09-16 21:13:00.500823+00:00,diastolic_bp,74.49,device,DEV-P001-001,online,good,23.0,False,,stable_normal
b0a7d582,P001,2026-09-17 16:13:00.500823+00:00,diastolic_bp,73.53,device,DEV-P001-001,online,good,19.0,False,,stable_normal
17a11d63,P001,2026-09-18 17:13:00.500823+00:00,diastolic_bp,74.5,device,DEV-P001-001,online,good,25.0,False,,stable_normal
f81553b4,P001,2026-09-20 00:13:00.500823+00:00,diastolic_bp,71.87,device,DEV-P001-001,online,good,31.0,False,,stable_normal
86ee7245,P001,2026-09-20 23:13:00.500823+00:00,diastolic_bp,70.48,device,DEV-P001-001,online,good,23.0,False,,stable_normal
ba677a2e,P001,2026-09-22 00:13:00.500823+00:00,diastolic_bp,74.54,device,DEV-P001-001,online,good,25.0,False,,stable_normal
dca95cf5,P001,2026-09-23 02:13:00.500823+00:00,diastolic_bp,72.42,device,DEV-P001-001,online,good,26.0,False,,stable_normal
ee7bf43d,P001,2026-09-23 23:13:00.500823+00:00,diastolic_bp,72.08,device,DEV-P001-001,online,good,21.0,False,,stable_normal
200c9b41,P001,2026-09-24 15:13:00.500823+00:00,diastolic_bp,73.28,device,DEV-P001-001,online,good,16.0,False,,stable_normal
1cb031cc,P001,2026-09-26 06:13:00.500823+00:00,diastolic_bp,73.59,device,DEV-P001-001,online,good,39.0,False,,stable_normal
d2ab6861,P001,2026-09-26 21:13:00.500823+00:00,diastolic_bp,70.86,device,DEV-P001-001,online,good,15.0,False,,stable_normal
1c774b59,P001,2026-09-27 21:13:00.500823+00:00,diastolic_bp,73.53,device,DEV-P001-001,online,good,24.0,False,,stable_normal
7948040a,P001,2026-09-28 17:13:00.500823+00:00,diastolic_bp,70.92,device,DEV-P001-001,online,good,20.0,False,,stable_normal
eff8b0bf,P001,2026-08-18 20:13:00.500823+00:00,fetal_movement,8.0,device,DEV-P001-001,online,good,0.0,False,,stable_normal
eaffc25c,P001,2026-08-20 23:13:00.500823+00:00,fetal_movement,7.0,device,DEV-P001-001,online,good,51.0,True,,stable_normal
97cfdaca,P001,2026-08-22 16:13:00.500823+00:00,fetal_movement,11.0,device,DEV-P001-001,online,good,41.0,False,,stable_normal
935e3f02,P001,2026-08-24 18:13:00.500823+00:00,fetal_movement,7.0,device,DEV-P001-001,online,good,50.0,True,,stable_normal
7a821c71,P001,2026-08-27 00:13:00.500823+00:00,fetal_movement,10.0,device,DEV-P001-001,online,good,54.0,True,,stable_normal
466f7f66,P001,2026-08-28 22:13:00.500823+00:00,fetal_movement,9.0,device,DEV-P001-001,online,good,46.0,False,,stable_normal
88ba8be4,P001,2026-08-31 03:13:00.500823+00:00,fetal_movement,7.0,device,DEV-P001-001,online,good,53.0,True,,stable_normal
5ea04652,P001,2026-09-02 00:13:00.500823+00:00,fetal_movement,11.0,device,DEV-P001-001,online,good,45.0,False,,stable_normal
d458c75b,P001,2026-09-03 21:13:00.500823+00:00,fetal_movement,7.0,device,DEV-P001-001,online,good,45.0,False,,stable_normal
192cecd7,P001,2026-09-05 18:13:00.500823+00:00,fetal_movement,9.0,device,DEV-P001-001,online,good,45.0,False,,stable_normal
86bc6e16,P001,2026-09-07 15:13:00.500823+00:00,fetal_movement,8.0,device,DEV-P001-001,online,good,45.0,False,,stable_normal
09f50e44,P001,2026-09-09 20:13:00.500823+00:00,fetal_movement,7.0,device,DEV-P001-001,online,good,53.0,True,,stable_normal
0699e8f0,P001,2026-09-11 15:13:00.500823+00:00,fetal_movement,7.0,device,DEV-P001-001,online,good,43.0,False,,stable_normal
5c46167b,P001,2026-09-13 21:13:00.500823+00:00,fetal_movement,9.0,device,DEV-P001-001,online,good,54.0,True,,stable_normal
a8c63b7d,P001,2026-09-16 06:13:00.500823+00:00,fetal_movement,9.0,device,DEV-P001-001,online,good,57.0,True,,stable_normal
cec1a4c8,P001,2026-09-17 23:13:00.500823+00:00,fetal_movement,8.0,device,DEV-P001-001,online,good,41.0,False,,stable_normal
b760a095,P001,2026-09-20 01:13:00.500823+00:00,fetal_movement,9.0,device,DEV-P001-001,online,good,50.0,True,,stable_normal
5d275b79,P001,2026-09-21 20:13:00.500823+00:00,fetal_movement,7.0,device,DEV-P001-001,online,good,43.0,False,,stable_normal
5892985f,P001,2026-09-23 23:13:00.500823+00:00,fetal_movement,8.0,device,DEV-P001-001,online,good,51.0,True,,stable_normal
85c05d57,P001,2026-09-26 01:13:00.500823+00:00,fetal_movement,10.0,device,DEV-P001-001,online,good,50.0,True,,stable_normal
7be12af3,P001,2026-09-27 15:13:00.500823+00:00,fetal_movement,8.0,device,DEV-P001-001,online,good,38.0,False,,stable_normal
6fafbfe0,P001,2026-08-19 04:13:00.500823+00:00,heart_rate,80.32,device,DEV-P001-001,online,good,0.0,False,,stable_normal
45775521,P001,2026-08-20 06:13:00.500823+00:00,heart_rate,77.35,device,DEV-P001-001,online,good,26.0,True,,stable_normal
44c32557,P001,2026-08-21 01:13:00.500823+00:00,heart_rate,80.67,device,DEV-P001-001,online,good,19.0,False,,stable_normal
f0c55608,P001,2026-08-22 05:13:00.500823+00:00,heart_rate,85.65,device,DEV-P001-001,online,good,28.0,True,,stable_normal
7e131afa,P001,2026-08-23 03:13:00.500823+00:00,heart_rate,78.01,device,DEV-P001-001,online,good,22.0,False,,stable_normal
c94551d0,P001,2026-08-23 22:13:00.500823+00:00,heart_rate,68.79,device,DEV-P001-001,online,good,19.0,False,,stable_normal
6da09043,P001,2026-08-24 21:13:00.500823+00:00,heart_rate,77.9,device,DEV-P001-001,online,good,23.0,False,,stable_normal
64633568,P001,2026-08-26 02:13:00.500823+00:00,heart_rate,73.56,device,DEV-P001-001,online,good,29.0,True,,stable_normal
c710c17d,P001,2026-08-27 05:13:00.500823+00:00,heart_rate,72.37,device,DEV-P001-001,online,good,27.0,True,,stable_normal
b56770b5,P001,2026-08-27 23:13:00.500823+00:00,heart_rate,75.87,device,DEV-P001-001,online,good,18.0,False,,stable_normal
923ccafa,P001,2026-08-29 00:13:00.500823+00:00,heart_rate,83.9,device,DEV-P001-001,online,good,25.0,True,,stable_normal
26508b45,P001,2026-08-29 22:13:00.500823+00:00,heart_rate,81.97,device,DEV-P001-001,online,good,22.0,False,,stable_normal
a86b1409,P001,2026-08-30 22:13:00.500823+00:00,heart_rate,82.83,device,DEV-P001-001,online,good,24.0,False,,stable_normal
07b60a02,P001,2026-09-01 08:13:00.500823+00:00,heart_rate,72.71,device,DEV-P001-001,online,good,34.0,True,,stable_normal
c0a1e2e8,P001,2026-09-02 00:13:00.500823+00:00,heart_rate,80.58,device,DEV-P001-001,online,good,16.0,False,,stable_normal
a54566f3,P001,2026-09-03 00:13:00.500823+00:00,heart_rate,83.16,device,DEV-P001-001,online,good,24.0,False,,stable_normal
6b832da1,P001,2026-09-03 20:13:00.500823+00:00,heart_rate,76.84,device,DEV-P001-001,online,good,20.0,False,,stable_normal
24009948,P001,2026-09-04 22:13:00.500823+00:00,heart_rate,81.7,device,DEV-P001-001,online,good,26.0,True,,stable_normal
255149e2,P001,2026-09-05 19:13:00.500823+00:00,heart_rate,80.66,device,DEV-P001-001,online,good,21.0,False,,stable_normal
382272c5,P001,2026-09-07 00:13:00.500823+00:00,heart_rate,84.59,device,DEV-P001-001,online,good,29.0,True,,stable_normal
43f02499,P001,2026-09-07 13:13:00.500823+00:00,heart_rate,71.85,device,DEV-P001-001,online,good,13.0,False,,stable_normal
4c0f28db,P001,2026-09-08 10:13:00.500823+00:00,heart_rate,73.79,device,DEV-P001-001,online,good,21.0,False,,stable_normal
e6bf19f7,P001,2026-09-09 14:13:00.500823+00:00,heart_rate,78.77,device,DEV-P001-001,online,good,28.0,True,,stable_normal
b84ae8e3,P001,2026-09-11 04:13:00.500823+00:00,heart_rate,74.35,device,DEV-P001-001,online,good,38.0,True,,stable_normal
64b7cbe4,P001,2026-09-11 14:13:00.500823+00:00,heart_rate,76.87,device,DEV-P001-001,online,good,10.0,False,,stable_normal
3149f2e0,P001,2026-09-12 20:13:00.500823+00:00,heart_rate,83.62,device,DEV-P001-001,online,good,30.0,True,,stable_normal
7dcb6b9b,P001,2026-09-13 18:13:00.500823+00:00,heart_rate,82.86,device,DEV-P001-001,online,good,22.0,False,,stable_normal
dd6dbada,P001,2026-09-14 15:13:00.500823+00:00,heart_rate,78.08,device,DEV-P001-001,online,good,21.0,False,,stable_normal
be57796e,P001,2026-09-15 19:13:00.500823+00:00,heart_rate,78.34,device,DEV-P001-001,online,good,28.0,True,,stable_normal
4b1faed8,P001,2026-09-16 19:13:00.500823+00:00,heart_rate,75.12,device,DEV-P001-001,online,good,24.0,False,,stable_normal
fc9211b7,P001,2026-09-17 22:13:00.500823+00:00,heart_rate,81.43,device,DEV-P001-001,online,good,27.0,True,,stable_normal
69f2fcbb,P001,2026-09-18 21:13:00.500823+00:00,heart_rate,78.9,device,DEV-P001-001,online,good,23.0,False,,stable_normal
d3d68ab3,P001,2026-09-20 07:13:00.500823+00:00,heart_rate,81.36,device,DEV-P001-001,online,good,34.0,True,,stable_normal
5e5bad73,P001,2026-09-21 04:13:00.500823+00:00,heart_rate,89.3,device,DEV-P001-001,online,good,21.0,False,,stable_normal
e380d1e7,P001,2026-09-21 21:13:00.500823+00:00,heart_rate,83.6,device,DEV-P001-001,online,good,17.0,False,,stable_normal
6b84fa26,P001,2026-09-23 02:13:00.500823+00:00,heart_rate,77.95,device,DEV-P001-001,online,good,29.0,True,,stable_normal
453330db,P001,2026-09-24 03:13:00.500823+00:00,heart_rate,73.74,device,DEV-P001-001,online,good,25.0,True,,stable_normal
e8a72a92,P001,2026-09-24 16:13:00.500823+00:00,heart_rate,80.08,device,DEV-P001-001,online,good,13.0,False,,stable_normal
5e00b419,P001,2026-09-26 06:13:00.500823+00:00,heart_rate,79.73,device,DEV-P001-001,online,good,38.0,True,,stable_normal
65c2b363,P001,2026-09-26 18:13:00.500823+00:00,heart_rate,75.97,device,DEV-P001-001,online,good,12.0,False,,stable_normal
18be0fb9,P001,2026-09-28 01:13:00.500823+00:00,heart_rate,78.97,device,DEV-P001-001,online,good,31.0,True,,stable_normal
906cac36,P001,2026-09-28 16:13:00.500823+00:00,heart_rate,82.0,device,DEV-P001-001,online,good,15.0,False,,stable_normal
dd095ee0,P001,2026-08-19 00:13:00.500823+00:00,systolic_bp,120.04,device,DEV-P001-001,online,good,-5.0,False,,stable_normal
11e41ab7,P001,2026-08-19 05:13:00.500823+00:00,systolic_bp,121.54,health_worker,DEV-P001-001,online,good,0.0,False,,stable_normal
539f55a7,P001,2026-08-20 05:13:00.500823+00:00,systolic_bp,119.57,device,DEV-P001-001,online,good,29.0,False,,stable_normal
409d6ce0,P001,2026-08-21 02:13:00.500823+00:00,systolic_bp,125.12,device,DEV-P001-001,online,good,21.0,False,,stable_normal
54b53467,P001,2026-08-22 03:13:00.500823+00:00,systolic_bp,117.04,device,DEV-P001-001,online,good,25.0,False,,stable_normal
2ac04343,P001,2026-08-22 17:13:00.500823+00:00,systolic_bp,116.59,device,DEV-P001-001,online,good,14.0,False,,stable_normal
9f9766a0,P001,2026-08-23 21:13:00.500823+00:00,systolic_bp,122.16,device,DEV-P001-001,online,good,28.0,False,,stable_normal
7809b706,P001,2026-08-24 22:13:00.500823+00:00,systolic_bp,119.0,device,DEV-P001-001,online,good,25.0,False,,stable_normal
4a7197f1,P001,2026-08-26 00:13:00.500823+00:00,systolic_bp,113.79,device,DEV-P001-001,online,good,26.0,False,,stable_normal
11a50221,P001,2026-08-27 04:13:00.500823+00:00,systolic_bp,116.59,device,DEV-P001-001,online,good,28.0,False,,stable_normal
094bd3de,P001,2026-08-28 10:13:00.500823+00:00,systolic_bp,115.69,device,DEV-P001-001,online,good,30.0,False,,stable_normal
e42b5cc6,P001,2026-08-28 22:13:00.500823+00:00,systolic_bp,119.1,device,DEV-P001-001,online,good,12.0,False,,stable_normal
7555729e,P001,2026-08-30 01:13:00.500823+00:00,systolic_bp,118.98,device,DEV-P001-001,online,good,27.0,False,,stable_normal
4b42f5cf,P001,2026-08-31 03:13:00.500823+00:00,systolic_bp,124.48,device,DEV-P001-001,online,good,26.0,False,,stable_normal
611ce506,P001,2026-09-01 07:13:00.500823+00:00,systolic_bp,121.09,device,DEV-P001-001,online,good,28.0,False,,stable_normal
f1bb0951,P001,2026-09-01 22:13:00.500823+00:00,systolic_bp,114.71,device,DEV-P001-001,online,good,-2.0,False,,stable_normal
644c9d65,P001,2026-09-02 00:13:00.500823+00:00,systolic_bp,116.07,health_worker,DEV-P001-001,online,good,17.0,False,,stable_normal
c8d7a805,P001,2026-09-03 03:13:00.500823+00:00,systolic_bp,117.22,device,DEV-P001-001,online,good,29.0,False,,stable_normal
1328b8a6,P001,2026-09-04 02:13:00.500823+00:00,systolic_bp,122.3,device,DEV-P001-001,online,good,23.0,False,,stable_normal
9b46d723,P001,2026-09-05 00:13:00.500823+00:00,systolic_bp,117.7,device,DEV-P001-001,online,good,22.0,False,,stable_normal
88cf2d96,P001,2026-09-05 20:13:00.500823+00:00,systolic_bp,117.89,device,DEV-P001-001,online,good,20.0,False,,stable_normal
e3fe585f,P001,2026-09-07 03:13:00.500823+00:00,systolic_bp,117.92,device,DEV-P001-001,online,good,31.0,False,,stable_normal
40a901e1,P001,2026-09-07 22:13:00.500823+00:00,systolic_bp,120.08,device,DEV-P001-001,online,good,19.0,False,,stable_normal
dfac8eee,P001,2026-09-08 13:13:00.500823+00:00,systolic_bp,114.81,device,DEV-P001-001,online,good,15.0,False,,stable_normal
3ed2019f,P001,2026-09-09 18:13:00.500823+00:00,systolic_bp,120.66,device,DEV-P001-001,online,good,29.0,False,,stable_normal
ed3e877e,P001,2026-09-11 07:13:00.500823+00:00,systolic_bp,123.05,device,DEV-P001-001,online,good,37.0,False,,stable_normal
b8eedd4e,P001,2026-09-11 16:13:00.500823+00:00,systolic_bp,120.06,device,DEV-P001-001,online,good,9.0,False,,stable_normal
a6335dbf,P001,2026-09-12 20:13:00.500823+00:00,systolic_bp,113.22,device,DEV-P001-001,online,good,28.0,False,,stable_normal
c4377441,P001,2026-09-14 00:13:00.500823+00:00,systolic_bp,122.76,device,DEV-P001-001,online,good,28.0,False,,stable_normal
1b5832ac,P001,2026-09-14 16:13:00.500823+00:00,systolic_bp,115.38,device,DEV-P001-001,online,good,16.0,False,,stable_normal
f5eebc04,P001,2026-09-15 22:13:00.500823+00:00,systolic_bp,117.82,device,DEV-P001-001,online,good,-6.0,False,,stable_normal
6d1ccfe4,P001,2026-09-16 04:13:00.500823+00:00,systolic_bp,114.93,health_worker,DEV-P001-001,online,good,36.0,False,,stable_normal
cc52a83a,P001,2026-09-17 01:13:00.500823+00:00,systolic_bp,123.72,device,DEV-P001-001,online,good,27.0,False,,stable_normal
1864d55c,P001,2026-09-17 23:13:00.500823+00:00,systolic_bp,117.81,device,DEV-P001-001,online,good,22.0,False,,stable_normal
814ed596,P001,2026-09-18 17:13:00.500823+00:00,systolic_bp,121.73,device,DEV-P001-001,online,good,18.0,False,,stable_normal
7b76bbb6,P001,2026-09-20 07:13:00.500823+00:00,systolic_bp,120.2,device,DEV-P001-001,online,good,38.0,False,,stable_normal
b4db9949,P001,2026-09-20 19:13:00.500823+00:00,systolic_bp,118.88,device,DEV-P001-001,online,good,12.0,False,,stable_normal
2a3e49a4,P001,2026-09-22 01:13:00.500823+00:00,systolic_bp,115.59,device,DEV-P001-001,online,good,30.0,False,,stable_normal
4a2c9b09,P001,2026-09-22 19:13:00.500823+00:00,systolic_bp,115.67,device,DEV-P001-001,online,good,18.0,False,,stable_normal
7ffc4c5f,P001,2026-09-23 21:13:00.500823+00:00,systolic_bp,121.7,device,DEV-P001-001,online,good,26.0,False,,stable_normal
b825104f,P001,2026-09-24 22:13:00.500823+00:00,systolic_bp,123.34,device,DEV-P001-001,online,good,25.0,False,,stable_normal
3306ad4b,P001,2026-09-25 21:13:00.500823+00:00,systolic_bp,119.08,device,DEV-P001-001,online,good,23.0,False,,stable_normal
04261e7b,P001,2026-09-27 01:13:00.500823+00:00,systolic_bp,115.57,device,DEV-P001-001,online,good,28.0,False,,stable_normal
31736536,P001,2026-09-27 21:13:00.500823+00:00,systolic_bp,115.31,device,DEV-P001-001,online,good,20.0,False,,stable_normal
c0e87d8a,P001,2026-09-28 19:13:00.500823+00:00,systolic_bp,119.91,device,DEV-P001-001,online,good,22.0,False,,stable_normal
5c4a8d19,P001,2026-08-18 21:13:00.500823+00:00,weight_kg,68.24,device,DEV-P001-001,online,good,0.0,False,,stable_normal
0e8c011e,P001,2026-08-25 20:13:00.500823+00:00,weight_kg,68.99,device,DEV-P001-001,online,good,167.0,False,,stable_normal
09b9cfec,P001,2026-09-01 14:13:00.500823+00:00,weight_kg,69.52,device,DEV-P001-001,online,good,162.0,False,,stable_normal
d6fcf4fe,P001,2026-09-08 21:13:00.500823+00:00,weight_kg,70.06,device,DEV-P001-001,online,good,175.0,False,,stable_normal
d9179a41,P001,2026-09-15 22:13:00.500823+00:00,weight_kg,70.71,device,DEV-P001-001,online,good,169.0,False,,stable_normal
2dd81639,P001,2026-09-22 19:13:00.500823+00:00,weight_kg,71.25,device,DEV-P001-001,online,good,165.0,False,,stable_normal
14c87dd3,P002,2026-08-18 18:13:00.531487+00:00,diastolic_bp,72.95,device,DEV-P002-001,online,good,0.0,False,,concerning_trend
c6d09b45,P002,2026-08-20 01:13:00.531487+00:00,diastolic_bp,68.89,device,DEV-P002-001,online,good,31.0,False,,concerning_trend
974c3302,P002,2026-08-20 19:13:00.531487+00:00,diastolic_bp,73.65,device,DEV-P002-001,online,good,18.0,False,,concerning_trend
b1019372,P002,2026-08-22 01:13:00.531487+00:00,diastolic_bp,71.35,device,DEV-P002-001,online,good,30.0,False,,concerning_trend
b9f2900b,P002,2026-08-23 03:13:00.531487+00:00,diastolic_bp,77.55,device,DEV-P002-001,intermittent,good,26.0,False,,concerning_trend
a769e339,P002,2026-08-24 02:13:00.531487+00:00,diastolic_bp,74.6,device,DEV-P002-001,online,good,23.0,False,,concerning_trend
d6141278,P002,2026-08-25 07:13:00.531487+00:00,diastolic_bp,71.33,device,DEV-P002-001,online,good,29.0,False,,concerning_trend
60aed182,P002,2026-08-25 19:13:00.531487+00:00,diastolic_bp,74.49,device,DEV-P002-001,online,good,12.0,False,,concerning_trend
875ff66b,P002,2026-08-27 06:13:00.531487+00:00,diastolic_bp,72.55,device,DEV-P002-001,online,good,35.0,False,,concerning_trend
0b4b95ad,P002,2026-08-27 17:13:00.531487+00:00,diastolic_bp,76.72,device,DEV-P002-001,online,good,11.0,False,,concerning_trend
329444d2,P002,2026-08-28 17:13:00.531487+00:00,diastolic_bp,76.09,device,DEV-P002-001,online,good,24.0,False,,concerning_trend
75a8627c,P002,2026-08-29 17:13:00.531487+00:00,diastolic_bp,67.84,device,DEV-P002-001,online,good,24.0,False,,concerning_trend
cfdc98d8,P002,2026-08-31 01:13:00.531487+00:00,diastolic_bp,72.04,device,DEV-P002-001,online,good,32.0,False,,concerning_trend
c8388bd0,P002,2026-08-31 22:13:00.531487+00:00,diastolic_bp,72.13,device,DEV-P002-001,online,good,21.0,False,,concerning_trend
e6141897,P002,2026-09-01 18:13:00.531487+00:00,diastolic_bp,75.26,device,DEV-P002-001,online,good,20.0,False,,concerning_trend
ab5188e0,P002,2026-09-02 17:13:00.531487+00:00,diastolic_bp,74.68,device,DEV-P002-001,intermittent,good,23.0,False,,concerning_trend
f009e748,P002,2026-09-04 03:13:00.531487+00:00,diastolic_bp,71.74,device,DEV-P002-001,online,good,34.0,False,,concerning_trend
0f1114f0,P002,2026-09-04 14:13:00.531487+00:00,diastolic_bp,75.99,device,DEV-P002-001,online,good,11.0,False,,concerning_trend
19cdb480,P002,2026-09-06 08:13:00.531487+00:00,diastolic_bp,76.41,device,DEV-P002-001,online,good,42.0,False,,concerning_trend
0082a2df,P002,2026-09-07 04:13:00.531487+00:00,diastolic_bp,77.02,device,DEV-P002-001,online,good,20.0,False,,concerning_trend
2f3a8727,P002,2026-09-07 22:13:00.531487+00:00,diastolic_bp,71.59,device,DEV-P002-001,online,good,18.0,False,,concerning_trend
ec18769e,P002,2026-09-08 22:13:00.531487+00:00,diastolic_bp,74.44,device,DEV-P002-001,online,good,24.0,False,,concerning_trend
85470bd2,P002,2026-09-10 00:13:00.531487+00:00,diastolic_bp,74.69,device,DEV-P002-001,online,good,26.0,False,,concerning_trend
a94ffbb4,P002,2026-09-11 01:13:00.531487+00:00,diastolic_bp,73.99,device,DEV-P002-001,online,good,25.0,False,,concerning_trend
732623e0,P002,2026-09-12 02:13:00.531487+00:00,diastolic_bp,67.96,device,DEV-P002-001,online,good,25.0,False,,concerning_trend
90bc14ca,P002,2026-09-12 21:13:00.531487+00:00,diastolic_bp,75.55,device,DEV-P002-001,online,good,19.0,False,,concerning_trend
b3209b61,P002,2026-09-14 06:13:00.531487+00:00,diastolic_bp,74.26,device,DEV-P002-001,online,good,33.0,False,,concerning_trend
a545b6c9,P002,2026-09-15 01:13:00.531487+00:00,diastolic_bp,74.1,device,DEV-P002-001,online,good,19.0,False,,concerning_trend
a7a67980,P002,2026-09-16 06:13:00.531487+00:00,diastolic_bp,75.49,device,DEV-P002-001,online,good,29.0,False,,concerning_trend
7b371134,P002,2026-09-17 03:13:00.531487+00:00,diastolic_bp,74.53,device,DEV-P002-001,online,good,21.0,False,,concerning_trend
c901b7de,P002,2026-09-18 08:13:00.531487+00:00,diastolic_bp,75.5,device,DEV-P002-001,online,good,29.0,False,,concerning_trend
0d36a212,P002,2026-09-19 03:13:00.531487+00:00,diastolic_bp,72.87,device,DEV-P002-001,online,good,19.0,False,,concerning_trend
e0e21938,P002,2026-09-19 21:13:00.531487+00:00,diastolic_bp,71.48,device,DEV-P002-001,online,good,18.0,False,,concerning_trend
0409cf85,P002,2026-09-21 02:13:00.531487+00:00,diastolic_bp,75.54,device,DEV-P002-001,online,good,29.0,False,,concerning_trend
ce44bc2f,P002,2026-09-21 18:13:00.531487+00:00,diastolic_bp,73.42,device,DEV-P002-001,online,good,16.0,False,,concerning_trend
f1b80927,P002,2026-09-23 01:13:00.531487+00:00,diastolic_bp,73.08,device,DEV-P002-001,online,good,31.0,False,,concerning_trend
fd7d8f7c,P002,2026-09-23 15:13:00.531487+00:00,diastolic_bp,74.28,device,DEV-P002-001,online,good,14.0,False,,concerning_trend
1ed1b5cb,P002,2026-09-25 05:13:00.531487+00:00,diastolic_bp,74.59,device,DEV-P002-001,online,good,38.0,False,,concerning_trend
ccd2dad7,P002,2026-09-25 20:13:00.531487+00:00,diastolic_bp,71.86,device,DEV-P002-001,online,good,15.0,False,,concerning_trend
7c255c16,P002,2026-09-26 13:13:00.531487+00:00,diastolic_bp,74.53,device,DEV-P002-001,online,good,17.0,False,,concerning_trend
819de584,P002,2026-09-28 00:13:00.531487+00:00,diastolic_bp,71.92,device,DEV-P002-001,online,good,35.0,False,,concerning_trend
31f242bf,P002,2026-09-29 06:13:00.531487+00:00,diastolic_bp,75.36,device,DEV-P002-001,intermittent,suspect,30.0,False,,concerning_trend
b88163f5,P002,2026-08-18 22:13:00.531487+00:00,fetal_movement,9.0,device,DEV-P002-001,online,good,0.0,False,,concerning_trend
74de2d37,P002,2026-08-20 23:13:00.531487+00:00,fetal_movement,10.0,device,DEV-P002-001,online,good,49.0,True,,concerning_trend
a97190ba,P002,2026-08-23 01:13:00.531487+00:00,fetal_movement,10.0,device,DEV-P002-001,intermittent,good,50.0,True,,concerning_trend
2ee121f1,P002,2026-08-24 19:13:00.531487+00:00,fetal_movement,11.0,device,DEV-P002-001,online,good,42.0,False,,concerning_trend
7e8a858b,P002,2026-08-27 04:13:00.531487+00:00,fetal_movement,12.0,device,DEV-P002-001,online,good,57.0,True,,concerning_trend
7e11e266,P002,2026-08-28 14:13:00.531487+00:00,fetal_movement,10.0,device,DEV-P002-001,online,good,34.0,False,,concerning_trend
3531b88d,P002,2026-08-31 03:13:00.531487+00:00,fetal_movement,9.0,device,DEV-P002-001,online,good,61.0,True,,concerning_trend
9e106250,P002,2026-09-02 01:13:00.531487+00:00,fetal_movement,8.0,device,DEV-P002-001,online,good,46.0,False,,concerning_trend
28d95fe0,P002,2026-09-04 05:13:00.531487+00:00,fetal_movement,12.0,device,DEV-P002-001,online,good,52.0,True,,concerning_trend
43dad8e4,P002,2026-09-06 09:13:00.531487+00:00,fetal_movement,9.0,device,DEV-P002-001,online,good,52.0,True,,concerning_trend
51566c94,P002,2026-09-07 22:13:00.531487+00:00,fetal_movement,8.0,device,DEV-P002-001,online,good,37.0,False,,concerning_trend
f19476e9,P002,2026-09-10 00:13:00.531487+00:00,fetal_movement,10.0,device,DEV-P002-001,online,good,50.0,True,,concerning_trend
855d7070,P002,2026-09-11 23:13:00.531487+00:00,fetal_movement,11.0,device,DEV-P002-001,online,good,47.0,False,,concerning_trend
2db28bd3,P002,2026-09-14 02:13:00.531487+00:00,fetal_movement,8.0,device,DEV-P002-001,online,good,51.0,True,,concerning_trend
e3a52b94,P002,2026-09-16 06:13:00.531487+00:00,fetal_movement,9.0,device,DEV-P002-001,online,good,52.0,True,,concerning_trend
9c384c9b,P002,2026-09-18 06:13:00.531487+00:00,fetal_movement,11.0,device,DEV-P002-001,online,good,48.0,False,,concerning_trend
96183332,P002,2026-09-20 00:13:00.531487+00:00,fetal_movement,8.0,device,DEV-P002-001,online,good,42.0,False,,concerning_trend
60df6217,P002,2026-09-21 22:13:00.531487+00:00,fetal_movement,12.0,device,DEV-P002-001,online,good,46.0,False,,concerning_trend
396687a8,P002,2026-09-23 13:13:00.531487+00:00,fetal_movement,10.0,device,DEV-P002-001,online,good,39.0,False,,concerning_trend
8f9a0fb0,P002,2026-09-25 20:13:00.531487+00:00,fetal_movement,10.0,device,DEV-P002-001,online,good,55.0,True,,concerning_trend
ff02dd47,P002,2026-09-27 23:13:00.531487+00:00,fetal_movement,9.0,device,DEV-P002-001,online,good,51.0,True,,concerning_trend
575a19e6,P002,2026-08-19 01:13:00.531487+00:00,heart_rate,78.35,device,DEV-P002-001,online,good,0.0,False,,concerning_trend
8edd8b33,P002,2026-08-20 00:13:00.531487+00:00,heart_rate,81.67,device,DEV-P002-001,online,good,23.0,False,,concerning_trend
2935ada4,P002,2026-08-21 06:13:00.531487+00:00,heart_rate,86.65,device,DEV-P002-001,online,good,30.0,True,,concerning_trend
b926d700,P002,2026-08-22 09:13:00.531487+00:00,heart_rate,79.01,device,DEV-P002-001,online,good,27.0,True,,concerning_trend
a218c730,P002,2026-08-22 15:13:00.531487+00:00,heart_rate,69.79,device,DEV-P002-001,intermittent,good,6.0,False,,concerning_trend
dd0c568a,P002,2026-08-24 04:13:00.531487+00:00,heart_rate,78.9,device,DEV-P002-001,online,good,37.0,True,,concerning_trend
cffe1d29,P002,2026-08-25 07:13:00.531487+00:00,heart_rate,74.56,device,DEV-P002-001,online,good,27.0,True,,concerning_trend
f11bbf08,P002,2026-08-25 11:13:00.531487+00:00,heart_rate,73.37,device,DEV-P002-001,online,good,4.0,False,,concerning_trend
2f2d541f,P002,2026-08-27 04:13:00.531487+00:00,heart_rate,76.87,device,DEV-P002-001,online,good,41.0,True,,concerning_trend
54db41e6,P002,2026-08-27 17:13:00.531487+00:00,heart_rate,84.9,device,DEV-P002-001,online,good,13.0,False,,concerning_trend
6cf578ef,P002,2026-08-28 11:13:00.531487+00:00,heart_rate,82.97,device,DEV-P002-001,online,good,18.0,False,,concerning_trend
02c4ab77,P002,2026-08-29 14:13:00.531487+00:00,heart_rate,83.83,device,DEV-P002-001,online,good,27.0,True,,concerning_trend
6812417d,P002,2026-08-31 00:13:00.531487+00:00,heart_rate,73.71,device,DEV-P002-001,online,good,34.0,True,,concerning_trend
6cfb9e13,P002,2026-08-31 14:13:00.531487+00:00,heart_rate,81.58,device,DEV-P002-001,online,good,14.0,False,,concerning_trend
bb764b37,P002,2026-09-01 22:13:00.531487+00:00,heart_rate,84.16,device,DEV-P002-001,online,good,32.0,True,,concerning_trend
84abe0f3,P002,2026-09-02 23:13:00.531487+00:00,heart_rate,77.84,device,DEV-P002-001,intermittent,good,25.0,True,,concerning_trend
9431faca,P002,2026-09-03 19:13:00.531487+00:00,heart_rate,82.7,device,DEV-P002-001,online,good,20.0,False,,concerning_trend
534113cf,P002,2026-09-04 12:13:00.531487+00:00,heart_rate,81.66,device,DEV-P002-001,online,good,17.0,False,,concerning_trend
70da0bb6,P002,2026-09-06 06:13:00.531487+00:00,heart_rate,85.59,device,DEV-P002-001,online,good,42.0,True,,concerning_trend
a0bb9d3c,P002,2026-09-07 00:13:00.531487+00:00,heart_rate,72.85,device,DEV-P002-001,online,good,18.0,False,,concerning_trend
31986d81,P002,2026-09-07 11:13:00.531487+00:00,heart_rate,74.79,device,DEV-P002-001,online,good,11.0,False,,concerning_trend
26102b90,P002,2026-09-09 02:13:00.531487+00:00,heart_rate,79.77,device,DEV-P002-001,online,good,39.0,True,,concerning_trend
a2e1622e,P002,2026-09-10 04:13:00.531487+00:00,heart_rate,75.35,device,DEV-P002-001,online,good,26.0,True,,concerning_trend
9955273f,P002,2026-09-11 06:13:00.531487+00:00,heart_rate,77.87,device,DEV-P002-001,online,good,26.0,True,,concerning_trend
5e259adb,P002,2026-09-11 22:13:00.531487+00:00,heart_rate,84.62,device,DEV-P002-001,online,good,16.0,False,,concerning_trend
705a087b,P002,2026-09-12 22:13:00.531487+00:00,heart_rate,83.86,device,DEV-P002-001,online,good,24.0,False,,concerning_trend
7af2a6bf,P002,2026-09-14 06:13:00.531487+00:00,heart_rate,79.08,device,DEV-P002-001,online,good,32.0,True,,concerning_trend
4301e40a,P002,2026-09-15 06:13:00.531487+00:00,heart_rate,79.34,device,DEV-P002-001,online,good,24.0,False,,concerning_trend
ac16d391,P002,2026-09-15 22:13:00.531487+00:00,heart_rate,76.12,device,DEV-P002-001,online,good,16.0,False,,concerning_trend
aebd5536,P002,2026-09-17 05:13:00.531487+00:00,heart_rate,82.43,device,DEV-P002-001,online,good,31.0,True,,concerning_trend
6082b78e,P002,2026-09-18 06:13:00.531487+00:00,heart_rate,79.9,device,DEV-P002-001,online,good,25.0,True,,concerning_trend
2abe0162,P002,2026-09-19 08:13:00.531487+00:00,heart_rate,82.36,device,DEV-P002-001,online,good,26.0,True,,concerning_trend
f20f78e7,P002,2026-09-19 14:13:00.531487+00:00,heart_rate,90.3,device,DEV-P002-001,online,good,6.0,False,,concerning_trend
683b2597,P002,2026-09-21 02:13:00.531487+00:00,heart_rate,84.6,device,DEV-P002-001,online,good,36.0,True,,concerning_trend
378a4b60,P002,2026-09-21 18:13:00.531487+00:00,heart_rate,78.95,device,DEV-P002-001,online,good,16.0,False,,concerning_trend
e20d200a,P002,2026-09-23 00:13:00.531487+00:00,heart_rate,74.74,device,DEV-P002-001,online,good,30.0,True,,concerning_trend
8b17cdac,P002,2026-09-23 18:13:00.531487+00:00,heart_rate,81.08,device,DEV-P002-001,online,good,18.0,False,,concerning_trend
8f933af3,P002,2026-09-24 17:13:00.531487+00:00,heart_rate,80.73,device,DEV-P002-001,online,good,23.0,False,,concerning_trend
6ef8a7d0,P002,2026-09-26 01:13:00.531487+00:00,heart_rate,76.97,device,DEV-P002-001,online,good,32.0,True,,concerning_trend
a33481a0,P002,2026-09-27 00:13:00.531487+00:00,heart_rate,79.97,device,DEV-P002-001,online,good,23.0,False,,concerning_trend
1f3ebfb7,P002,2026-09-28 05:13:00.531487+00:00,heart_rate,83.0,device,DEV-P002-001,online,good,29.0,True,,concerning_trend
1966dd2c,P002,2026-09-29 06:13:00.531487+00:00,heart_rate,77.66,device,DEV-P002-001,intermittent,suspect,25.0,True,,concerning_trend
a3239b7f,P002,2026-08-18 15:13:00.531487+00:00,systolic_bp,120.57,device,DEV-P002-001,online,good,-10.0,False,,concerning_trend
fa1abd66,P002,2026-08-19 01:13:00.531487+00:00,systolic_bp,119.4,health_worker,DEV-P002-001,online,good,0.0,False,,concerning_trend
ac3c2677,P002,2026-08-20 06:13:00.531487+00:00,systolic_bp,126.12,device,DEV-P002-001,online,good,39.0,False,,concerning_trend
4ac54658,P002,2026-08-20 23:13:00.531487+00:00,systolic_bp,118.04,device,DEV-P002-001,online,good,17.0,False,,concerning_trend
10fd947f,P002,2026-08-22 08:13:00.531487+00:00,systolic_bp,117.59,device,DEV-P002-001,online,good,33.0,False,,concerning_trend
80e3324c,P002,2026-08-22 22:13:00.531487+00:00,systolic_bp,123.16,device,DEV-P002-001,intermittent,good,14.0,False,,concerning_trend
3856d231,P002,2026-08-23 22:13:00.531487+00:00,systolic_bp,120.0,device,DEV-P002-001,online,good,24.0,False,,concerning_trend
bbb31f26,P002,2026-08-25 07:13:00.531487+00:00,systolic_bp,114.79,device,DEV-P002-001,online,good,33.0,False,,concerning_trend
b608bce9,P002,2026-08-25 21:13:00.531487+00:00,systolic_bp,117.59,device,DEV-P002-001,online,good,14.0,False,,concerning_trend
66f413c6,P002,2026-08-27 00:13:00.531487+00:00,systolic_bp,116.69,device,DEV-P002-001,online,good,27.0,False,,concerning_trend
d5259919,P002,2026-08-27 11:13:00.531487+00:00,systolic_bp,120.1,device,DEV-P002-001,online,good,11.0,False,,concerning_trend
bf8bef4c,P002,2026-08-28 20:13:00.531487+00:00,systolic_bp,119.98,device,DEV-P002-001,online,good,33.0,False,,concerning_trend
71680f95,P002,2026-08-29 18:13:00.531487+00:00,systolic_bp,127.28,device,DEV-P002-001,online,good,22.0,False,,concerning_trend
7a5f77eb,P002,2026-08-30 17:13:00.531487+00:00,systolic_bp,125.69,device,DEV-P002-001,online,good,23.0,False,,concerning_trend
a9b78d22,P002,2026-08-31 12:13:00.531487+00:00,systolic_bp,121.11,device,DEV-P002-001,online,good,19.0,False,,concerning_trend
4bdef5d2,P002,2026-09-01 16:13:00.531487+00:00,systolic_bp,125.42,device,DEV-P002-001,online,good,-8.0,False,,concerning_trend
98e0afeb,P002,2026-09-02 00:13:00.531487+00:00,systolic_bp,126.7,health_worker,DEV-P002-001,online,good,36.0,False,,concerning_trend
bfbe5c1d,P002,2026-09-02 16:13:00.531487+00:00,systolic_bp,132.3,device,DEV-P002-001,intermittent,good,24.0,False,,concerning_trend
3ef94693,P002,2026-09-04 02:13:00.531487+00:00,systolic_bp,129.5,device,DEV-P002-001,online,good,34.0,False,,concerning_trend
89e32ff9,P002,2026-09-04 14:13:00.531487+00:00,systolic_bp,131.49,device,DEV-P002-001,online,good,12.0,False,,concerning_trend
afe2d13c,P002,2026-09-06 06:13:00.531487+00:00,systolic_bp,133.32,device,DEV-P002-001,online,good,40.0,False,,concerning_trend
f4b3e4ae,P002,2026-09-07 07:13:00.531487+00:00,systolic_bp,137.28,device,DEV-P002-001,online,good,25.0,False,,concerning_trend
b110118b,P002,2026-09-07 21:13:00.531487+00:00,systolic_bp,133.81,device,DEV-P002-001,online,good,14.0,False,,concerning_trend
aea77f16,P002,2026-09-09 00:13:00.531487+00:00,systolic_bp,141.46,device,DEV-P002-001,online,good,27.0,False,,concerning_trend
17d835a8,P002,2026-09-09 21:13:00.531487+00:00,systolic_bp,145.65,device,DEV-P002-001,online,good,21.0,False,,concerning_trend
b0fe4c75,P002,2026-09-11 09:13:00.531487+00:00,systolic_bp,144.46,device,DEV-P002-001,online,good,36.0,False,,concerning_trend
83653877,P002,2026-09-11 22:13:00.531487+00:00,systolic_bp,139.42,device,DEV-P002-001,online,good,13.0,False,,concerning_trend
a4f2279b,P002,2026-09-13 01:13:00.531487+00:00,systolic_bp,150.76,device,DEV-P002-001,online,good,27.0,False,,concerning_trend
7e6a9086,P002,2026-09-14 02:13:00.531487+00:00,systolic_bp,145.18,device,DEV-P002-001,online,good,25.0,False,,concerning_trend
a36510da,P002,2026-09-15 10:13:00.531487+00:00,systolic_bp,149.42,device,DEV-P002-001,online,good,32.0,False,,concerning_trend
f1384f22,P002,2026-09-16 03:13:00.531487+00:00,systolic_bp,157.12,device,DEV-P002-001,online,good,-1.0,False,,concerning_trend
ece73041,P002,2026-09-16 04:13:00.531487+00:00,systolic_bp,157.21,health_worker,DEV-P002-001,online,good,18.0,False,,concerning_trend
a9fa1177,P002,2026-09-16 23:13:00.531487+00:00,systolic_bp,153.01,device,DEV-P002-001,online,good,20.0,False,,concerning_trend
96395cad,P002,2026-09-17 22:13:00.531487+00:00,systolic_bp,158.73,device,DEV-P002-001,online,good,23.0,False,,concerning_trend
9e482acc,P002,2026-09-19 03:13:00.531487+00:00,systolic_bp,159.0,device,DEV-P002-001,online,good,29.0,False,,concerning_trend
97c6069d,P002,2026-09-19 15:13:00.531487+00:00,systolic_bp,159.48,device,DEV-P002-001,online,good,12.0,False,,concerning_trend
05358239,P002,2026-09-21 04:13:00.531487+00:00,systolic_bp,157.99,device,DEV-P002-001,online,good,37.0,False,,concerning_trend
46de5bea,P002,2026-09-21 23:13:00.531487+00:00,systolic_bp,159.87,device,DEV-P002-001,online,good,19.0,False,,concerning_trend
b8221327,P002,2026-09-22 18:13:00.531487+00:00,systolic_bp,167.7,device,DEV-P002-001,online,good,19.0,False,,concerning_trend
3dc26093,P002,2026-09-23 23:13:00.531487+00:00,systolic_bp,171.14,device,DEV-P002-001,online,good,29.0,False,,concerning_trend
bdb813ed,P002,2026-09-25 00:13:00.531487+00:00,systolic_bp,168.68,device,DEV-P002-001,online,good,25.0,False,,concerning_trend
a21302e4,P002,2026-09-26 01:13:00.531487+00:00,systolic_bp,166.97,device,DEV-P002-001,online,good,25.0,False,,concerning_trend
cb9b312a,P002,2026-09-26 13:13:00.531487+00:00,systolic_bp,168.51,device,DEV-P002-001,online,good,12.0,False,,concerning_trend
56ff29b4,P002,2026-09-28 01:13:00.531487+00:00,systolic_bp,174.91,device,DEV-P002-001,online,good,36.0,False,,concerning_trend
970bb60d,P002,2026-09-29 00:13:00.531487+00:00,systolic_bp,176.53,device,DEV-P002-001,intermittent,suspect,23.0,False,,concerning_trend
0dcc4706,P002,2026-08-18 21:13:00.531487+00:00,weight_kg,68.51,device,DEV-P002-001,online,good,0.0,False,,concerning_trend
e816f8b8,P002,2026-08-25 11:13:00.531487+00:00,weight_kg,69.69,device,DEV-P002-001,online,good,158.0,False,,concerning_trend
704667df,P002,2026-09-01 21:13:00.531487+00:00,weight_kg,70.33,device,DEV-P002-001,online,good,178.0,False,,concerning_trend
48f7c4f0,P002,2026-09-09 04:13:00.531487+00:00,weight_kg,70.22,device,DEV-P002-001,online,good,175.0,False,,concerning_trend
0c768b71,P002,2026-09-15 22:13:00.531487+00:00,weight_kg,71.2,device,DEV-P002-001,online,good,162.0,False,,concerning_trend
85e950a9,P002,2026-09-22 23:13:00.531487+00:00,weight_kg,71.93,device,DEV-P002-001,online,good,169.0,False,,concerning_trend
427d736c,P003,2026-08-18 22:13:00.552550+00:00,diastolic_bp,69.89,device,DEV-P003-001,online,good,0.0,False,,multi_week_outage
ebaa442e,P003,2026-08-19 11:13:00.552550+00:00,diastolic_bp,74.65,device,DEV-P003-001,online,good,13.0,False,,multi_week_outage
26661ec8,P003,2026-08-21 01:13:00.552550+00:00,diastolic_bp,72.35,device,DEV-P003-001,online,good,38.0,False,,multi_week_outage
fcead09b,P003,2026-08-22 03:13:00.552550+00:00,diastolic_bp,78.55,device,DEV-P003-001,online,good,26.0,False,,multi_week_outage
02ddd47c,P003,2026-08-23 07:13:00.552550+00:00,diastolic_bp,75.6,device,DEV-P003-001,intermittent,good,28.0,False,,multi_week_outage
48a2558c,P003,2026-08-24 08:13:00.552550+00:00,diastolic_bp,72.33,device,DEV-P003-001,online,good,25.0,False,,multi_week_outage
e8175a80,P003,2026-08-25 07:13:00.552550+00:00,diastolic_bp,75.49,device,DEV-P003-001,online,good,23.0,False,,multi_week_outage
a0615c6f,P003,2026-08-25 17:13:00.552550+00:00,diastolic_bp,73.55,device,DEV-P003-001,online,good,10.0,False,,multi_week_outage
0943e41f,P003,2026-08-26 23:13:00.552550+00:00,diastolic_bp,77.72,device,DEV-P003-001,online,good,30.0,False,,multi_week_outage
5907b8a4,P003,2026-08-27 23:13:00.552550+00:00,diastolic_bp,77.09,device,DEV-P003-001,online,good,24.0,False,,multi_week_outage
9a165ae6,P003,2026-08-28 20:13:00.552550+00:00,diastolic_bp,68.84,device,DEV-P003-001,online,good,21.0,False,,multi_week_outage
1b39303f,P003,2026-08-29 23:13:00.552550+00:00,diastolic_bp,73.04,device,DEV-P003-001,online,good,27.0,False,,multi_week_outage
5b80adf4,P003,2026-08-30 13:13:00.552550+00:00,diastolic_bp,73.13,device,DEV-P003-001,online,good,14.0,False,,multi_week_outage
968e1e31,P003,2026-09-01 06:13:00.552550+00:00,diastolic_bp,76.26,device,DEV-P003-001,online,good,41.0,False,,multi_week_outage
9de44c8a,P003,2026-09-20 05:13:00.552550+00:00,diastolic_bp,76.54,device,DEV-P003-001,online,good,455.0,True,,multi_week_outage
99733f2a,P003,2026-09-20 21:13:00.552550+00:00,diastolic_bp,74.42,device,DEV-P003-001,online,good,16.0,False,,multi_week_outage
fb42b3e0,P003,2026-09-21 19:13:00.552550+00:00,diastolic_bp,74.08,device,DEV-P003-001,online,good,22.0,False,,multi_week_outage
a84399de,P003,2026-09-22 17:13:00.552550+00:00,diastolic_bp,75.28,device,DEV-P003-001,online,good,22.0,False,,multi_week_outage
c223128a,P003,2026-09-23 21:13:00.552550+00:00,diastolic_bp,75.59,device,DEV-P003-001,online,good,28.0,False,,multi_week_outage
bbd948f3,P003,2026-09-24 19:13:00.552550+00:00,diastolic_bp,72.86,device,DEV-P003-001,online,good,22.0,False,,multi_week_outage
607c23e2,P003,2026-09-25 16:13:00.552550+00:00,diastolic_bp,75.53,device,DEV-P003-001,online,good,21.0,False,,multi_week_outage
50850a4c,P003,2026-09-26 21:13:00.552550+00:00,diastolic_bp,72.92,device,DEV-P003-001,online,good,29.0,False,,multi_week_outage
6beb2ed3,P003,2026-09-28 01:13:00.552550+00:00,diastolic_bp,76.36,device,DEV-P003-001,intermittent,suspect,28.0,False,,multi_week_outage
58e4f7e7,P003,2026-09-28 21:13:00.552550+00:00,diastolic_bp,75.2,device,DEV-P003-001,online,good,20.0,False,,multi_week_outage
90dd928d,P003,2026-08-18 23:13:00.552550+00:00,fetal_movement,9.0,device,DEV-P003-001,online,good,0.0,False,,multi_week_outage
51e51e9a,P003,2026-08-21 00:13:00.552550+00:00,fetal_movement,13.0,device,DEV-P003-001,online,good,49.0,True,,multi_week_outage
d6e65019,P003,2026-08-23 02:13:00.552550+00:00,fetal_movement,9.0,device,DEV-P003-001,intermittent,good,50.0,True,,multi_week_outage
585c45a0,P003,2026-08-24 21:13:00.552550+00:00,fetal_movement,12.0,device,DEV-P003-001,online,good,43.0,False,,multi_week_outage
89e17e04,P003,2026-08-27 00:13:00.552550+00:00,fetal_movement,11.0,device,DEV-P003-001,online,good,51.0,True,,multi_week_outage
bf935b7a,P003,2026-08-28 18:13:00.552550+00:00,fetal_movement,9.0,device,DEV-P003-001,online,good,42.0,False,,multi_week_outage
d1362bdc,P003,2026-08-30 21:13:00.552550+00:00,fetal_movement,13.0,device,DEV-P003-001,online,good,51.0,True,,multi_week_outage
df52c917,P003,2026-09-20 01:13:00.552550+00:00,fetal_movement,9.0,device,DEV-P003-001,online,good,484.0,True,,multi_week_outage
11b3aa9d,P003,2026-09-21 21:13:00.552550+00:00,fetal_movement,10.0,device,DEV-P003-001,online,good,44.0,False,,multi_week_outage
56b0ef76,P003,2026-09-23 21:13:00.552550+00:00,fetal_movement,12.0,device,DEV-P003-001,online,good,48.0,False,,multi_week_outage
e43d075c,P003,2026-09-25 19:13:00.552550+00:00,fetal_movement,10.0,device,DEV-P003-001,online,good,46.0,False,,multi_week_outage
57986a7e,P003,2026-09-27 15:13:00.552550+00:00,fetal_movement,11.0,device,DEV-P003-001,intermittent,suspect,44.0,False,,multi_week_outage
33531c6d,P003,2026-08-19 09:13:00.552550+00:00,heart_rate,82.67,device,DEV-P003-001,online,good,0.0,False,,multi_week_outage
9298b2c3,P003,2026-08-19 14:13:00.552550+00:00,heart_rate,87.65,device,DEV-P003-001,online,good,5.0,False,,multi_week_outage
2bce0ec7,P003,2026-08-21 08:13:00.552550+00:00,heart_rate,80.01,device,DEV-P003-001,online,good,42.0,True,,multi_week_outage
e8152f15,P003,2026-08-21 22:13:00.552550+00:00,heart_rate,70.79,device,DEV-P003-001,online,good,14.0,False,,multi_week_outage
0aed9147,P003,2026-08-23 03:13:00.552550+00:00,heart_rate,79.9,device,DEV-P003-001,intermittent,good,29.0,True,,multi_week_outage
cd1287ad,P003,2026-08-24 09:13:00.552550+00:00,heart_rate,75.56,device,DEV-P003-001,online,good,30.0,True,,multi_week_outage
e4200c34,P003,2026-08-24 21:13:00.552550+00:00,heart_rate,74.37,device,DEV-P003-001,online,good,12.0,False,,multi_week_outage
d848b99c,P003,2026-08-25 23:13:00.552550+00:00,heart_rate,77.87,device,DEV-P003-001,online,good,26.0,True,,multi_week_outage
679f63aa,P003,2026-08-26 20:13:00.552550+00:00,heart_rate,85.9,device,DEV-P003-001,online,good,21.0,False,,multi_week_outage
b6bd78de,P003,2026-08-27 22:13:00.552550+00:00,heart_rate,83.97,device,DEV-P003-001,online,good,26.0,True,,multi_week_outage
586e0fe5,P003,2026-08-28 22:13:00.552550+00:00,heart_rate,84.83,device,DEV-P003-001,online,good,24.0,False,,multi_week_outage
e57baabc,P003,2026-08-29 18:13:00.552550+00:00,heart_rate,74.71,device,DEV-P003-001,online,good,20.0,False,,multi_week_outage
3cc41dc8,P003,2026-08-30 12:13:00.552550+00:00,heart_rate,82.58,device,DEV-P003-001,online,good,18.0,False,,multi_week_outage
3ea95f22,P003,2026-09-01 05:13:00.552550+00:00,heart_rate,85.16,device,DEV-P003-001,online,good,41.0,True,,multi_week_outage
cdc98b6e,P003,2026-09-20 00:13:00.552550+00:00,heart_rate,85.6,device,DEV-P003-001,online,good,451.0,True,,multi_week_outage
5f41d8ef,P003,2026-09-20 15:13:00.552550+00:00,heart_rate,79.95,device,DEV-P003-001,online,good,15.0,False,,multi_week_outage
abd33d90,P003,2026-09-21 16:13:00.552550+00:00,heart_rate,75.74,device,DEV-P003-001,online,good,25.0,True,,multi_week_outage
7358b093,P003,2026-09-23 00:13:00.552550+00:00,heart_rate,82.08,device,DEV-P003-001,online,good,32.0,True,,multi_week_outage
7e1be80f,P003,2026-09-24 07:13:00.552550+00:00,heart_rate,81.73,device,DEV-P003-001,online,good,31.0,True,,multi_week_outage
f224da3c,P003,2026-09-25 01:13:00.552550+00:00,heart_rate,77.97,device,DEV-P003-001,online,good,18.0,False,,multi_week_outage
45627d21,P003,2026-09-25 20:13:00.552550+00:00,heart_rate,80.97,device,DEV-P003-001,online,good,19.0,False,,multi_week_outage
d34a9423,P003,2026-09-26 17:13:00.552550+00:00,heart_rate,84.0,device,DEV-P003-001,online,good,21.0,False,,multi_week_outage
70035c2a,P003,2026-09-27 21:13:00.552550+00:00,heart_rate,78.66,device,DEV-P003-001,intermittent,suspect,28.0,True,,multi_week_outage
99292b05,P003,2026-09-29 01:13:00.552550+00:00,heart_rate,82.31,device,DEV-P003-001,online,good,28.0,True,,multi_week_outage
c3854888,P003,2026-08-19 00:13:00.552550+00:00,systolic_bp,127.12,device,DEV-P003-001,online,good,-7.0,False,,multi_week_outage
0ebdbeed,P003,2026-08-19 07:13:00.552550+00:00,systolic_bp,127.78,health_worker,DEV-P003-001,online,good,0.0,False,,multi_week_outage
6e8cab90,P003,2026-08-19 12:13:00.552550+00:00,systolic_bp,119.04,device,DEV-P003-001,online,good,12.0,False,,multi_week_outage
1d00cc22,P003,2026-08-21 04:13:00.552550+00:00,systolic_bp,118.59,device,DEV-P003-001,online,good,40.0,False,,multi_week_outage
daf02bdc,P003,2026-08-22 03:13:00.552550+00:00,systolic_bp,124.16,device,DEV-P003-001,online,good,23.0,False,,multi_week_outage
4a8733a0,P003,2026-08-22 21:13:00.552550+00:00,systolic_bp,121.0,device,DEV-P003-001,intermittent,good,18.0,False,,multi_week_outage
3b4002a9,P003,2026-08-24 01:13:00.552550+00:00,systolic_bp,115.79,device,DEV-P003-001,online,good,28.0,False,,multi_week_outage
a63af9c9,P003,2026-08-25 02:13:00.552550+00:00,systolic_bp,118.59,device,DEV-P003-001,online,good,25.0,False,,multi_week_outage
f7acc2e0,P003,2026-08-26 02:13:00.552550+00:00,systolic_bp,117.69,device,DEV-P003-001,online,good,24.0,False,,multi_week_outage
43b2b328,P003,2026-08-26 22:13:00.552550+00:00,systolic_bp,121.1,device,DEV-P003-001,online,good,20.0,False,,multi_week_outage
1d6eb592,P003,2026-08-28 06:13:00.552550+00:00,systolic_bp,120.98,device,DEV-P003-001,online,good,32.0,False,,multi_week_outage
3b9b24e5,P003,2026-08-28 19:13:00.552550+00:00,systolic_bp,126.48,device,DEV-P003-001,online,good,13.0,False,,multi_week_outage
a127abb6,P003,2026-08-30 01:13:00.552550+00:00,systolic_bp,123.09,device,DEV-P003-001,online,good,30.0,False,,multi_week_outage
17010b48,P003,2026-08-30 21:13:00.552550+00:00,systolic_bp,116.71,device,DEV-P003-001,online,good,20.0,False,,multi_week_outage
828ba2e2,P003,2026-09-01 06:13:00.552550+00:00,systolic_bp,119.22,device,DEV-P003-001,online,good,33.0,False,,multi_week_outage
3f301cf0,P003,2026-09-19 21:13:00.552550+00:00,systolic_bp,117.59,device,DEV-P003-001,online,good,447.0,True,,multi_week_outage
dbe9e0ca,P003,2026-09-20 20:13:00.552550+00:00,systolic_bp,117.67,device,DEV-P003-001,online,good,23.0,False,,multi_week_outage
339d06cd,P003,2026-09-22 00:13:00.552550+00:00,systolic_bp,123.7,device,DEV-P003-001,online,good,28.0,False,,multi_week_outage
25ec7de1,P003,2026-09-22 14:13:00.552550+00:00,systolic_bp,125.34,device,DEV-P003-001,online,good,14.0,False,,multi_week_outage
3c690461,P003,2026-09-24 04:13:00.552550+00:00,systolic_bp,121.08,device,DEV-P003-001,online,good,38.0,False,,multi_week_outage
ebe82ffe,P003,2026-09-24 15:13:00.552550+00:00,systolic_bp,117.57,device,DEV-P003-001,online,good,11.0,False,,multi_week_outage
f2a69063,P003,2026-09-26 01:13:00.552550+00:00,systolic_bp,117.31,device,DEV-P003-001,online,good,34.0,False,,multi_week_outage
7f6b734a,P003,2026-09-26 22:13:00.552550+00:00,systolic_bp,121.91,device,DEV-P003-001,online,good,21.0,False,,multi_week_outage
ad22e05c,P003,2026-09-27 23:13:00.552550+00:00,systolic_bp,121.73,device,DEV-P003-001,intermittent,suspect,25.0,False,,multi_week_outage
55525dc4,P003,2026-09-28 22:13:00.552550+00:00,systolic_bp,125.34,device,DEV-P003-001,online,good,23.0,False,,multi_week_outage
dcd5700f,P003,2026-08-19 03:13:00.552550+00:00,weight_kg,67.89,device,DEV-P003-001,online,good,0.0,False,,multi_week_outage
29b816b8,P003,2026-08-25 22:13:00.552550+00:00,weight_kg,68.61,device,DEV-P003-001,online,good,163.0,False,,multi_week_outage
b0e84e2f,P003,2026-09-22 21:13:00.552550+00:00,weight_kg,70.97,device,DEV-P003-001,online,good,671.0,True,,multi_week_outage
9777b8cf,P004,2026-08-19 05:13:00.569625+00:00,diastolic_bp,75.65,device,DEV-P004-001,online,good,0.0,False,,manual_device_conflict
41950e9a,P004,2026-08-20 03:13:00.569625+00:00,diastolic_bp,73.35,device,DEV-P004-001,online,good,22.0,False,,manual_device_conflict
ad4b8afe,P004,2026-08-20 23:13:00.569625+00:00,diastolic_bp,79.55,device,DEV-P004-001,online,good,20.0,False,,manual_device_conflict
21ca1735,P004,2026-08-22 03:13:00.569625+00:00,diastolic_bp,76.6,device,DEV-P004-001,online,good,28.0,False,,manual_device_conflict
d8620536,P004,2026-08-23 09:13:00.569625+00:00,diastolic_bp,73.33,device,DEV-P004-001,online,good,30.0,False,,manual_device_conflict
32db50f4,P004,2026-08-24 02:13:00.569625+00:00,diastolic_bp,76.49,device,DEV-P004-001,online,good,17.0,False,,manual_device_conflict
0ab04eb8,P004,2026-08-24 20:13:00.569625+00:00,diastolic_bp,74.55,device,DEV-P004-001,online,good,18.0,False,,manual_device_conflict
e38952b5,P004,2026-08-25 23:13:00.569625+00:00,diastolic_bp,78.72,device,DEV-P004-001,online,good,27.0,False,,manual_device_conflict
55d04c44,P004,2026-08-26 16:13:00.569625+00:00,diastolic_bp,78.09,device,DEV-P004-001,online,good,17.0,False,,manual_device_conflict
8408e6be,P004,2026-08-27 21:13:00.569625+00:00,diastolic_bp,69.84,device,DEV-P004-001,online,good,29.0,False,,manual_device_conflict
6174207c,P004,2026-08-28 21:13:00.569625+00:00,diastolic_bp,74.04,device,DEV-P004-001,online,good,24.0,False,,manual_device_conflict
0f0e3ae6,P004,2026-08-29 15:13:00.569625+00:00,diastolic_bp,74.13,device,DEV-P004-001,online,good,18.0,False,,manual_device_conflict
04c9310f,P004,2026-08-31 09:13:00.569625+00:00,diastolic_bp,77.26,device,DEV-P004-001,online,good,42.0,False,,manual_device_conflict
dde16461,P004,2026-08-31 21:13:00.569625+00:00,diastolic_bp,76.68,device,DEV-P004-001,intermittent,good,12.0,False,,manual_device_conflict
f6aeac38,P004,2026-09-01 23:13:00.569625+00:00,diastolic_bp,73.74,device,DEV-P004-001,online,good,26.0,False,,manual_device_conflict
22c87dc1,P004,2026-09-03 02:13:00.569625+00:00,diastolic_bp,77.99,device,DEV-P004-001,online,good,27.0,False,,manual_device_conflict
d7c89bee,P004,2026-09-04 02:13:00.569625+00:00,diastolic_bp,78.41,device,DEV-P004-001,online,good,24.0,False,,manual_device_conflict
ac2e9eb8,P004,2026-09-04 21:13:00.569625+00:00,diastolic_bp,79.02,device,DEV-P004-001,online,good,19.0,False,,manual_device_conflict
7403c58b,P004,2026-09-05 20:13:00.569625+00:00,diastolic_bp,73.59,device,DEV-P004-001,online,good,23.0,False,,manual_device_conflict
3e76717d,P004,2026-09-07 02:13:00.569625+00:00,diastolic_bp,76.44,device,DEV-P004-001,online,good,30.0,False,,manual_device_conflict
34eadc6c,P004,2026-09-07 18:13:00.569625+00:00,diastolic_bp,76.69,device,DEV-P004-001,online,good,16.0,False,,manual_device_conflict
8d2d7ef5,P004,2026-09-08 21:13:00.569625+00:00,diastolic_bp,75.99,device,DEV-P004-001,online,good,27.0,False,,manual_device_conflict
8ad6e3ec,P004,2026-09-09 17:13:00.569625+00:00,diastolic_bp,69.96,device,DEV-P004-001,online,good,20.0,False,,manual_device_conflict
4b291dcb,P004,2026-09-10 23:13:00.569625+00:00,diastolic_bp,77.55,device,DEV-P004-001,online,good,30.0,False,,manual_device_conflict
10c349e4,P004,2026-09-12 04:13:00.569625+00:00,diastolic_bp,76.26,device,DEV-P004-001,online,good,29.0,False,,manual_device_conflict
308488f3,P004,2026-09-12 20:13:00.569625+00:00,diastolic_bp,76.1,device,DEV-P004-001,online,good,16.0,False,,manual_device_conflict
ea16869c,P004,2026-09-13 18:13:00.569625+00:00,diastolic_bp,77.49,device,DEV-P004-001,online,good,22.0,False,,manual_device_conflict
4cdeb77a,P004,2026-09-15 01:13:00.569625+00:00,diastolic_bp,76.53,device,DEV-P004-001,online,good,31.0,False,,manual_device_conflict
6cc657f7,P004,2026-09-15 14:13:00.569625+00:00,diastolic_bp,77.5,device,DEV-P004-001,online,good,13.0,False,,manual_device_conflict
7619b3f1,P004,2026-09-16 20:13:00.569625+00:00,diastolic_bp,74.87,device,DEV-P004-001,online,good,30.0,False,,manual_device_conflict
51393fe8,P004,2026-09-17 15:13:00.569625+00:00,diastolic_bp,73.48,device,DEV-P004-001,online,good,19.0,False,,manual_device_conflict
75616432,P004,2026-09-18 18:13:00.569625+00:00,diastolic_bp,77.54,device,DEV-P004-001,online,good,27.0,False,,manual_device_conflict
4c758e58,P004,2026-09-19 19:13:00.569625+00:00,diastolic_bp,75.42,device,DEV-P004-001,online,good,25.0,False,,manual_device_conflict
a8f5e010,P004,2026-09-20 19:13:00.569625+00:00,diastolic_bp,75.08,device,DEV-P004-001,online,good,24.0,False,,manual_device_conflict
a9af6e14,P004,2026-09-22 00:13:00.569625+00:00,diastolic_bp,76.28,device,DEV-P004-001,online,good,29.0,False,,manual_device_conflict
22b4d102,P004,2026-09-22 18:13:00.569625+00:00,diastolic_bp,76.59,device,DEV-P004-001,online,good,18.0,False,,manual_device_conflict
f1a7bd77,P004,2026-09-23 18:13:00.569625+00:00,diastolic_bp,73.86,device,DEV-P004-001,online,good,24.0,False,,manual_device_conflict
967fe2c5,P004,2026-09-24 16:13:00.569625+00:00,diastolic_bp,76.53,device,DEV-P004-001,online,good,22.0,False,,manual_device_conflict
41637204,P004,2026-09-26 06:13:00.569625+00:00,diastolic_bp,73.92,device,DEV-P004-001,online,good,38.0,False,,manual_device_conflict
4ff4ce05,P004,2026-09-27 02:13:00.569625+00:00,diastolic_bp,77.36,device,DEV-P004-001,online,good,20.0,False,,manual_device_conflict
19deb3dc,P004,2026-09-27 20:13:00.569625+00:00,diastolic_bp,76.2,device,DEV-P004-001,online,good,18.0,False,,manual_device_conflict
1891a490,P004,2026-09-29 02:13:00.569625+00:00,diastolic_bp,74.75,device,DEV-P004-001,online,good,30.0,False,,manual_device_conflict
266b3994,P004,2026-08-19 02:13:00.569625+00:00,fetal_movement,8.0,device,DEV-P004-001,online,good,0.0,False,,manual_device_conflict
0deb6b11,P004,2026-08-21 03:13:00.569625+00:00,fetal_movement,8.0,device,DEV-P004-001,online,good,49.0,True,,manual_device_conflict
28025622,P004,2026-08-23 10:13:00.569625+00:00,fetal_movement,9.0,device,DEV-P004-001,online,good,55.0,True,,manual_device_conflict
1ba87834,P004,2026-08-24 19:13:00.569625+00:00,fetal_movement,10.0,device,DEV-P004-001,online,good,33.0,False,,manual_device_conflict
77656594,P004,2026-08-26 23:13:00.569625+00:00,fetal_movement,8.0,device,DEV-P004-001,online,good,52.0,True,,manual_device_conflict
4b187a84,P004,2026-08-28 17:13:00.569625+00:00,fetal_movement,7.0,device,DEV-P004-001,online,good,42.0,False,,manual_device_conflict
cec912e7,P004,2026-08-31 09:13:00.569625+00:00,fetal_movement,6.0,device,DEV-P004-001,online,good,64.0,True,,manual_device_conflict
d67c4c4c,P004,2026-09-02 04:13:00.569625+00:00,fetal_movement,10.0,device,DEV-P004-001,online,good,43.0,False,,manual_device_conflict
13be151c,P004,2026-09-03 21:13:00.569625+00:00,fetal_movement,7.0,device,DEV-P004-001,online,good,41.0,False,,manual_device_conflict
c21a1139,P004,2026-09-06 04:13:00.569625+00:00,fetal_movement,6.0,device,DEV-P004-001,online,good,55.0,True,,manual_device_conflict
2efa0da5,P004,2026-09-07 21:13:00.569625+00:00,fetal_movement,8.0,device,DEV-P004-001,online,good,41.0,False,,manual_device_conflict
5a20ed62,P004,2026-09-09 20:13:00.569625+00:00,fetal_movement,9.0,device,DEV-P004-001,online,good,47.0,False,,manual_device_conflict
a52136d1,P004,2026-09-11 22:13:00.569625+00:00,fetal_movement,6.0,device,DEV-P004-001,online,good,50.0,True,,manual_device_conflict
3a4c5ab1,P004,2026-09-13 18:13:00.569625+00:00,fetal_movement,7.0,device,DEV-P004-001,online,good,44.0,False,,manual_device_conflict
6c597ed0,P004,2026-09-15 23:13:00.569625+00:00,fetal_movement,9.0,device,DEV-P004-001,online,good,53.0,True,,manual_device_conflict
e66570af,P004,2026-09-17 15:13:00.569625+00:00,fetal_movement,6.0,device,DEV-P004-001,online,good,40.0,False,,manual_device_conflict
053c657f,P004,2026-09-19 13:13:00.569625+00:00,fetal_movement,10.0,device,DEV-P004-001,online,good,46.0,False,,manual_device_conflict
5b1da88d,P004,2026-09-22 01:13:00.569625+00:00,fetal_movement,8.0,device,DEV-P004-001,online,good,60.0,True,,manual_device_conflict
c98c5b76,P004,2026-09-23 21:13:00.569625+00:00,fetal_movement,8.0,device,DEV-P004-001,online,good,44.0,False,,manual_device_conflict
33d0d29a,P004,2026-09-26 03:13:00.569625+00:00,fetal_movement,7.0,device,DEV-P004-001,online,good,54.0,True,,manual_device_conflict
81d429e4,P004,2026-09-27 20:13:00.569625+00:00,fetal_movement,8.0,device,DEV-P004-001,online,good,41.0,False,,manual_device_conflict
e9f4577b,P004,2026-08-19 06:13:00.569625+00:00,heart_rate,88.65,device,DEV-P004-001,online,good,0.0,False,,manual_device_conflict
73481be7,P004,2026-08-20 00:13:00.569625+00:00,heart_rate,81.01,device,DEV-P004-001,online,good,18.0,False,,manual_device_conflict
5a0d9522,P004,2026-08-21 01:13:00.569625+00:00,heart_rate,71.79,device,DEV-P004-001,online,good,25.0,True,,manual_device_conflict
5c7cff0a,P004,2026-08-22 04:13:00.569625+00:00,heart_rate,80.9,device,DEV-P004-001,online,good,27.0,True,,manual_device_conflict
90f39bc9,P004,2026-08-23 08:13:00.569625+00:00,heart_rate,76.56,device,DEV-P004-001,online,good,28.0,True,,manual_device_conflict
add19587,P004,2026-08-23 21:13:00.569625+00:00,heart_rate,75.37,device,DEV-P004-001,online,good,13.0,False,,manual_device_conflict
fd87aa5b,P004,2026-08-24 15:13:00.569625+00:00,heart_rate,78.87,device,DEV-P004-001,online,good,18.0,False,,manual_device_conflict
3b656ef4,P004,2026-08-25 19:13:00.569625+00:00,heart_rate,86.9,device,DEV-P004-001,online,good,28.0,True,,manual_device_conflict
503cd4d6,P004,2026-08-26 22:13:00.569625+00:00,heart_rate,84.97,device,DEV-P004-001,online,good,27.0,True,,manual_device_conflict
bf00e9cd,P004,2026-08-27 17:13:00.569625+00:00,heart_rate,85.83,device,DEV-P004-001,online,good,19.0,False,,manual_device_conflict
d8c880f3,P004,2026-08-28 19:13:00.569625+00:00,heart_rate,75.71,device,DEV-P004-001,online,good,26.0,True,,manual_device_conflict
263a8d6b,P004,2026-08-29 16:13:00.569625+00:00,heart_rate,83.58,device,DEV-P004-001,online,good,21.0,False,,manual_device_conflict
85bd6770,P004,2026-08-31 06:13:00.569625+00:00,heart_rate,86.16,device,DEV-P004-001,online,good,38.0,True,,manual_device_conflict
a5f50f9c,P004,2026-09-01 00:13:00.569625+00:00,heart_rate,79.84,device,DEV-P004-001,intermittent,good,18.0,False,,manual_device_conflict
55668103,P004,2026-09-02 05:13:00.569625+00:00,heart_rate,84.7,device,DEV-P004-001,online,good,29.0,True,,manual_device_conflict
bb9ee961,P004,2026-09-03 04:13:00.569625+00:00,heart_rate,83.66,device,DEV-P004-001,online,good,23.0,False,,manual_device_conflict
f75683b2,P004,2026-09-04 06:13:00.569625+00:00,heart_rate,87.59,device,DEV-P004-001,online,good,26.0,True,,manual_device_conflict
a2edddfc,P004,2026-09-04 16:13:00.569625+00:00,heart_rate,74.85,device,DEV-P004-001,online,good,10.0,False,,manual_device_conflict
2c6ea7f9,P004,2026-09-05 17:13:00.569625+00:00,heart_rate,76.79,device,DEV-P004-001,online,good,25.0,True,,manual_device_conflict
7932031b,P004,2026-09-06 21:13:00.569625+00:00,heart_rate,81.77,device,DEV-P004-001,online,good,28.0,True,,manual_device_conflict
fbc4afdf,P004,2026-09-08 03:13:00.569625+00:00,heart_rate,77.35,device,DEV-P004-001,online,good,30.0,True,,manual_device_conflict
c66394d3,P004,2026-09-08 16:13:00.569625+00:00,heart_rate,79.87,device,DEV-P004-001,online,good,13.0,False,,manual_device_conflict
a6b49ad2,P004,2026-09-09 15:13:00.569625+00:00,heart_rate,86.62,device,DEV-P004-001,online,good,23.0,False,,manual_device_conflict
26c3f8e6,P004,2026-09-10 13:13:00.569625+00:00,heart_rate,85.86,device,DEV-P004-001,online,good,22.0,False,,manual_device_conflict
8fd3b154,P004,2026-09-12 07:13:00.569625+00:00,heart_rate,81.08,device,DEV-P004-001,online,good,42.0,True,,manual_device_conflict
01034053,P004,2026-09-12 18:13:00.569625+00:00,heart_rate,81.34,device,DEV-P004-001,online,good,11.0,False,,manual_device_conflict
a49e713c,P004,2026-09-14 00:13:00.569625+00:00,heart_rate,78.12,device,DEV-P004-001,online,good,30.0,True,,manual_device_conflict
b4058f07,P004,2026-09-15 03:13:00.569625+00:00,heart_rate,84.43,device,DEV-P004-001,online,good,27.0,True,,manual_device_conflict
40c126a6,P004,2026-09-16 00:13:00.569625+00:00,heart_rate,81.9,device,DEV-P004-001,online,good,21.0,False,,manual_device_conflict
44d001d3,P004,2026-09-16 18:13:00.569625+00:00,heart_rate,84.36,device,DEV-P004-001,online,good,18.0,False,,manual_device_conflict
3099aec7,P004,2026-09-17 18:13:00.569625+00:00,heart_rate,92.3,device,DEV-P004-001,online,good,24.0,False,,manual_device_conflict
4de13f23,P004,2026-09-19 04:13:00.569625+00:00,heart_rate,86.6,device,DEV-P004-001,online,good,34.0,True,,manual_device_conflict
5ee91e64,P004,2026-09-19 18:13:00.569625+00:00,heart_rate,80.95,device,DEV-P004-001,online,good,14.0,False,,manual_device_conflict
a6cf8270,P004,2026-09-20 22:13:00.569625+00:00,heart_rate,76.74,device,DEV-P004-001,online,good,28.0,True,,manual_device_conflict
0627f0b3,P004,2026-09-21 20:13:00.569625+00:00,heart_rate,83.08,device,DEV-P004-001,online,good,22.0,False,,manual_device_conflict
57abad24,P004,2026-09-22 13:13:00.569625+00:00,heart_rate,82.73,device,DEV-P004-001,online,good,17.0,False,,manual_device_conflict
47397fd8,P004,2026-09-23 15:13:00.569625+00:00,heart_rate,78.97,device,DEV-P004-001,online,good,26.0,True,,manual_device_conflict
bb756ecc,P004,2026-09-24 15:13:00.569625+00:00,heart_rate,81.97,device,DEV-P004-001,online,good,24.0,False,,manual_device_conflict
856a1427,P004,2026-09-26 04:13:00.569625+00:00,heart_rate,85.0,device,DEV-P004-001,online,good,37.0,True,,manual_device_conflict
71035927,P004,2026-09-26 23:13:00.569625+00:00,heart_rate,79.66,device,DEV-P004-001,online,good,19.0,False,,manual_device_conflict
dc23518d,P004,2026-09-27 22:13:00.569625+00:00,heart_rate,83.31,device,DEV-P004-001,online,good,23.0,False,,manual_device_conflict
debbacea,P004,2026-09-29 01:13:00.569625+00:00,heart_rate,82.54,device,DEV-P004-001,online,good,27.0,True,,manual_device_conflict
a351d4e8,P004,2026-08-19 02:13:00.569625+00:00,systolic_bp,120.04,device,DEV-P004-001,online,good,-4.0,False,,manual_device_conflict
85e8fd18,P004,2026-08-19 06:13:00.569625+00:00,systolic_bp,120.32,health_worker,DEV-P004-001,online,good,0.0,False,,manual_device_conflict
16f1f8b5,P004,2026-08-20 03:13:00.569625+00:00,systolic_bp,119.59,device,DEV-P004-001,online,good,25.0,False,,manual_device_conflict
e264ced8,P004,2026-08-21 01:13:00.569625+00:00,systolic_bp,125.16,device,DEV-P004-001,online,good,22.0,False,,manual_device_conflict
830ab84d,P004,2026-08-22 09:13:00.569625+00:00,systolic_bp,122.0,device,DEV-P004-001,online,good,32.0,False,,manual_device_conflict
2c981e1f,P004,2026-08-23 04:13:00.569625+00:00,systolic_bp,116.79,device,DEV-P004-001,online,good,19.0,False,,manual_device_conflict
4457439b,P004,2026-08-23 21:13:00.569625+00:00,systolic_bp,119.59,device,DEV-P004-001,online,good,17.0,False,,manual_device_conflict
919e6fae,P004,2026-08-25 00:13:00.569625+00:00,systolic_bp,118.69,device,DEV-P004-001,online,good,27.0,False,,manual_device_conflict
25082d93,P004,2026-08-26 07:13:00.569625+00:00,systolic_bp,122.1,device,DEV-P004-001,online,good,31.0,False,,manual_device_conflict
f70ffb69,P004,2026-08-26 13:13:00.569625+00:00,systolic_bp,121.98,device,DEV-P004-001,online,good,6.0,False,,manual_device_conflict
3215b8e6,P004,2026-08-27 15:13:00.569625+00:00,systolic_bp,127.48,device,DEV-P004-001,online,good,26.0,False,,manual_device_conflict
119169fc,P004,2026-08-29 02:13:00.569625+00:00,systolic_bp,124.09,device,DEV-P004-001,online,good,35.0,False,,manual_device_conflict
808ecfcf,P004,2026-08-29 17:13:00.569625+00:00,systolic_bp,117.71,device,DEV-P004-001,online,good,15.0,False,,manual_device_conflict
d3f19b46,P004,2026-08-31 02:13:00.569625+00:00,systolic_bp,120.22,device,DEV-P004-001,online,good,33.0,False,,manual_device_conflict
c7b3f9dd,P004,2026-09-01 00:13:00.569625+00:00,systolic_bp,125.3,device,DEV-P004-001,intermittent,good,22.0,False,,manual_device_conflict
26646c85,P004,2026-09-02 01:13:00.569625+00:00,systolic_bp,120.7,device,DEV-P004-001,online,good,-4.0,False,,manual_device_conflict
ede877b2,P004,2026-09-02 05:13:00.569625+00:00,systolic_bp,121.99,health_worker,DEV-P004-001,online,good,29.0,False,,manual_device_conflict
c6fdfb8e,P004,2026-09-03 01:13:00.569625+00:00,systolic_bp,120.89,device,DEV-P004-001,online,good,24.0,False,,manual_device_conflict
19f96e87,P004,2026-09-04 04:13:00.569625+00:00,systolic_bp,120.92,device,DEV-P004-001,online,good,27.0,False,,manual_device_conflict
1b15af9e,P004,2026-09-05 02:13:00.569625+00:00,systolic_bp,123.08,device,DEV-P004-001,online,good,22.0,False,,manual_device_conflict
e38376f6,P004,2026-09-06 00:13:00.569625+00:00,systolic_bp,117.81,device,DEV-P004-001,online,good,22.0,False,,manual_device_conflict
0c26e9b5,P004,2026-09-06 22:13:00.569625+00:00,systolic_bp,123.66,device,DEV-P004-001,online,good,22.0,False,,manual_device_conflict
49a75237,P004,2026-09-08 02:13:00.569625+00:00,systolic_bp,126.05,device,DEV-P004-001,online,good,28.0,False,,manual_device_conflict
cac2aed3,P004,2026-09-08 15:13:00.569625+00:00,systolic_bp,123.06,device,DEV-P004-001,online,good,13.0,False,,manual_device_conflict
c409204d,P004,2026-09-09 19:13:00.569625+00:00,systolic_bp,116.22,device,DEV-P004-001,online,good,28.0,False,,manual_device_conflict
3f414fc6,P004,2026-09-10 21:13:00.569625+00:00,systolic_bp,125.76,device,DEV-P004-001,online,good,26.0,False,,manual_device_conflict
11c66153,P004,2026-09-12 08:13:00.569625+00:00,systolic_bp,118.38,device,DEV-P004-001,online,good,35.0,False,,manual_device_conflict
d0210a22,P004,2026-09-12 18:13:00.569625+00:00,systolic_bp,120.82,device,DEV-P004-001,online,good,10.0,False,,manual_device_conflict
be7323f8,P004,2026-09-13 20:13:00.569625+00:00,systolic_bp,126.72,device,DEV-P004-001,online,good,26.0,False,,manual_device_conflict
a6baf283,P004,2026-09-13 21:13:00.569625+00:00,systolic_bp,104.72,manual,DEV-P004-001,online,good,1.0,False,Home cuff reading contradicts device,manual_device_conflict
2c79fccc,P004,2026-09-14 22:13:00.569625+00:00,systolic_bp,120.81,device,DEV-P004-001,online,good,25.0,False,,manual_device_conflict
60583d62,P004,2026-09-15 23:13:00.569625+00:00,systolic_bp,126.68,health_worker,DEV-P004-001,online,good,25.0,False,,manual_device_conflict
e1f2aeee,P004,2026-09-15 23:13:00.569625+00:00,systolic_bp,124.73,device,DEV-P004-001,online,good,0.0,False,,manual_device_conflict
652c8884,P004,2026-09-16 22:13:00.569625+00:00,systolic_bp,123.2,device,DEV-P004-001,online,good,23.0,False,,manual_device_conflict
cae1ae55,P004,2026-09-17 14:13:00.569625+00:00,systolic_bp,121.88,device,DEV-P004-001,online,good,16.0,False,,manual_device_conflict
f362136c,P004,2026-09-18 22:13:00.569625+00:00,systolic_bp,118.59,device,DEV-P004-001,online,good,32.0,False,,manual_device_conflict
271a6070,P004,2026-09-19 16:13:00.569625+00:00,systolic_bp,118.67,device,DEV-P004-001,online,good,18.0,False,,manual_device_conflict
3b99b108,P004,2026-09-20 18:13:00.569625+00:00,systolic_bp,124.7,device,DEV-P004-001,online,good,26.0,False,,manual_device_conflict
b7e0b184,P004,2026-09-21 23:13:00.569625+00:00,systolic_bp,126.34,device,DEV-P004-001,online,good,29.0,False,,manual_device_conflict
0baeec7e,P004,2026-09-22 22:13:00.569625+00:00,systolic_bp,122.08,device,DEV-P004-001,online,good,23.0,False,,manual_device_conflict
f2f66e00,P004,2026-09-24 01:13:00.569625+00:00,systolic_bp,118.57,device,DEV-P004-001,online,good,27.0,False,,manual_device_conflict
31ce2175,P004,2026-09-24 23:13:00.569625+00:00,systolic_bp,118.31,device,DEV-P004-001,online,good,22.0,False,,manual_device_conflict
373dce4c,P004,2026-09-26 06:13:00.569625+00:00,systolic_bp,122.91,device,DEV-P004-001,online,good,31.0,False,,manual_device_conflict
13b2f7d0,P004,2026-09-26 19:13:00.569625+00:00,systolic_bp,122.73,device,DEV-P004-001,online,good,13.0,False,,manual_device_conflict
611787d8,P004,2026-09-28 05:13:00.569625+00:00,systolic_bp,126.34,device,DEV-P004-001,online,good,34.0,False,,manual_device_conflict
5bb561ae,P004,2026-09-29 02:13:00.569625+00:00,systolic_bp,120.63,device,DEV-P004-001,online,good,21.0,False,,manual_device_conflict
db9b1677,P004,2026-08-19 03:13:00.569625+00:00,weight_kg,68.63,device,DEV-P004-001,online,good,0.0,False,,manual_device_conflict
1bd6fcfe,P004,2026-08-25 21:13:00.569625+00:00,weight_kg,68.96,device,DEV-P004-001,online,good,162.0,False,,manual_device_conflict
b7a4223b,P004,2026-09-01 23:13:00.569625+00:00,weight_kg,69.4,device,DEV-P004-001,online,good,170.0,False,,manual_device_conflict
79597162,P004,2026-09-08 12:13:00.569625+00:00,weight_kg,69.72,device,DEV-P004-001,online,good,157.0,False,,manual_device_conflict
d7ec0964,P004,2026-09-15 13:13:00.569625+00:00,weight_kg,70.87,device,DEV-P004-001,online,good,169.0,False,,manual_device_conflict
264824e2,P004,2026-09-22 17:13:00.569625+00:00,weight_kg,71.13,device,DEV-P004-001,online,good,172.0,False,,manual_device_conflict
b3b9120d,P005,2026-08-18 16:13:00.596498+00:00,diastolic_bp,69.35,device,DEV-P005-001,online,good,0.0,False,,sensor_malfunction
b0c1d7e0,P005,2026-08-20 06:13:00.596498+00:00,diastolic_bp,75.55,device,DEV-P005-001,online,good,38.0,False,,sensor_malfunction
d2afe9ad,P005,2026-08-21 01:13:00.596498+00:00,diastolic_bp,72.6,device,DEV-P005-001,online,good,19.0,False,,sensor_malfunction
75ec1f20,P005,2026-08-21 16:13:00.596498+00:00,diastolic_bp,69.33,device,DEV-P005-001,online,good,15.0,False,,sensor_malfunction
93b4beec,P005,2026-08-22 20:13:00.596498+00:00,diastolic_bp,72.49,device,DEV-P005-001,online,good,28.0,False,,sensor_malfunction
e402cd23,P005,2026-08-24 00:13:00.596498+00:00,diastolic_bp,70.55,device,DEV-P005-001,online,good,28.0,False,,sensor_malfunction
6e8a1e67,P005,2026-08-25 02:13:00.596498+00:00,diastolic_bp,74.72,device,DEV-P005-001,online,good,26.0,False,,sensor_malfunction
f1cfc8e0,P005,2026-08-26 00:13:00.596498+00:00,diastolic_bp,74.09,device,DEV-P005-001,online,good,22.0,False,,sensor_malfunction
c10cf8ef,P005,2026-08-27 02:13:00.596498+00:00,diastolic_bp,65.84,device,DEV-P005-001,intermittent,good,26.0,False,,sensor_malfunction
82c67780,P005,2026-08-28 00:13:00.596498+00:00,diastolic_bp,70.04,device,DEV-P005-001,online,good,22.0,False,,sensor_malfunction
d4bb48a3,P005,2026-08-28 22:13:00.596498+00:00,diastolic_bp,70.13,device,DEV-P005-001,intermittent,suspect,22.0,False,,sensor_malfunction
c0eb648d,P005,2026-08-29 14:13:00.596498+00:00,diastolic_bp,73.26,device,DEV-P005-001,online,good,16.0,False,,sensor_malfunction
bef4a51a,P005,2026-08-30 20:13:00.596498+00:00,diastolic_bp,72.68,device,DEV-P005-001,online,good,30.0,False,,sensor_malfunction
1905ce0d,P005,2026-08-31 23:13:00.596498+00:00,diastolic_bp,69.74,device,DEV-P005-001,online,good,27.0,False,,sensor_malfunction
e0450a36,P005,2026-09-01 15:13:00.596498+00:00,diastolic_bp,73.99,device,DEV-P005-001,online,good,16.0,False,,sensor_malfunction
4616bb96,P005,2026-09-02 19:13:00.596498+00:00,diastolic_bp,74.41,device,DEV-P005-001,online,good,28.0,False,,sensor_malfunction
58353c7a,P005,2026-09-03 21:13:00.596498+00:00,diastolic_bp,75.02,device,DEV-P005-001,online,good,26.0,False,,sensor_malfunction
2b25d8a6,P005,2026-09-05 06:13:00.596498+00:00,diastolic_bp,69.59,device,DEV-P005-001,online,good,33.0,False,,sensor_malfunction
4959b396,P005,2026-09-05 20:13:00.596498+00:00,diastolic_bp,72.44,device,DEV-P005-001,online,good,14.0,False,,sensor_malfunction
1284421e,P005,2026-09-07 00:13:00.596498+00:00,diastolic_bp,72.69,device,DEV-P005-001,online,good,28.0,False,,sensor_malfunction
9f6f7b75,P005,2026-09-08 01:13:00.596498+00:00,diastolic_bp,71.99,device,DEV-P005-001,online,good,25.0,False,,sensor_malfunction
b7895bf4,P005,2026-09-08 17:13:00.596498+00:00,diastolic_bp,65.96,device,DEV-P005-001,online,good,16.0,False,,sensor_malfunction
e479b57f,P005,2026-09-10 01:13:00.596498+00:00,diastolic_bp,73.55,device,DEV-P005-001,online,good,32.0,False,,sensor_malfunction
1a599162,P005,2026-09-10 15:13:00.596498+00:00,diastolic_bp,72.26,device,DEV-P005-001,online,good,14.0,False,,sensor_malfunction
39d0bd94,P005,2026-09-11 17:13:00.596498+00:00,diastolic_bp,72.1,device,DEV-P005-001,online,good,26.0,False,,sensor_malfunction
cb700aa7,P005,2026-09-13 02:13:00.596498+00:00,diastolic_bp,73.49,device,DEV-P005-001,online,good,33.0,False,,sensor_malfunction
3cd4b9bc,P005,2026-09-13 23:13:00.596498+00:00,diastolic_bp,72.53,device,DEV-P005-001,intermittent,good,21.0,False,,sensor_malfunction
2afa678f,P005,2026-09-15 00:13:00.596498+00:00,diastolic_bp,73.5,device,DEV-P005-001,intermittent,good,25.0,False,,sensor_malfunction
2267655d,P005,2026-09-15 21:13:00.596498+00:00,diastolic_bp,70.87,device,DEV-P005-001,online,good,21.0,False,,sensor_malfunction
7ad3b67f,P005,2026-09-17 03:13:00.596498+00:00,diastolic_bp,69.48,device,DEV-P005-001,intermittent,good,30.0,False,,sensor_malfunction
d77ad591,P005,2026-09-17 18:13:00.596498+00:00,diastolic_bp,73.54,device,DEV-P005-001,online,good,15.0,False,,sensor_malfunction
ec36020c,P005,2026-09-18 13:13:00.596498+00:00,diastolic_bp,71.42,device,DEV-P005-001,online,good,19.0,False,,sensor_malfunction
c485e5ac,P005,2026-09-20 03:13:00.596498+00:00,diastolic_bp,71.08,device,DEV-P005-001,intermittent,good,38.0,False,,sensor_malfunction
27671aa4,P005,2026-09-21 01:13:00.596498+00:00,diastolic_bp,72.28,device,DEV-P005-001,online,good,22.0,False,,sensor_malfunction
0f4836ec,P005,2026-09-21 22:13:00.596498+00:00,diastolic_bp,72.59,device,DEV-P005-001,online,good,21.0,False,,sensor_malfunction
69023234,P005,2026-09-22 21:13:00.596498+00:00,diastolic_bp,69.86,device,DEV-P005-001,online,good,23.0,False,,sensor_malfunction
29a4b57f,P005,2026-09-23 14:13:00.596498+00:00,diastolic_bp,72.53,device,DEV-P005-001,online,good,17.0,False,,sensor_malfunction
11279d21,P005,2026-09-25 01:13:00.596498+00:00,diastolic_bp,69.92,device,DEV-P005-001,online,good,35.0,False,,sensor_malfunction
6667914f,P005,2026-09-25 14:13:00.596498+00:00,diastolic_bp,73.36,device,DEV-P005-001,online,good,13.0,False,,sensor_malfunction
b1f7501b,P005,2026-09-27 02:13:00.596498+00:00,diastolic_bp,72.2,device,DEV-P005-001,online,good,36.0,False,,sensor_malfunction
92a83d74,P005,2026-09-27 16:13:00.596498+00:00,diastolic_bp,70.75,device,DEV-P005-001,online,good,14.0,False,,sensor_malfunction
eed5ec93,P005,2026-09-28 19:13:00.596498+00:00,diastolic_bp,74.44,device,DEV-P005-001,online,good,27.0,False,,sensor_malfunction
ef8cbf8b,P005,2026-08-19 01:13:00.596498+00:00,fetal_movement,11.0,device,DEV-P005-001,online,good,0.0,False,,sensor_malfunction
d588c7aa,P005,2026-08-20 23:13:00.596498+00:00,fetal_movement,7.0,device,DEV-P005-001,online,good,46.0,False,,sensor_malfunction
d9eada70,P005,2026-08-22 21:13:00.596498+00:00,fetal_movement,10.0,device,DEV-P005-001,online,good,46.0,False,,sensor_malfunction
33851750,P005,2026-08-25 03:13:00.596498+00:00,fetal_movement,9.0,device,DEV-P005-001,online,good,54.0,True,,sensor_malfunction
0376be9a,P005,2026-08-27 04:13:00.596498+00:00,fetal_movement,7.0,device,DEV-P005-001,intermittent,good,49.0,True,,sensor_malfunction
4e59c1ce,P005,2026-08-29 03:13:00.596498+00:00,fetal_movement,11.0,device,DEV-P005-001,intermittent,suspect,47.0,False,,sensor_malfunction
a9a7e2dd,P005,2026-08-31 02:13:00.596498+00:00,fetal_movement,7.0,device,DEV-P005-001,online,good,47.0,False,,sensor_malfunction
e4199c3b,P005,2026-09-01 20:13:00.596498+00:00,fetal_movement,9.0,device,DEV-P005-001,online,good,42.0,False,,sensor_malfunction
cbe089e4,P005,2026-09-04 04:13:00.596498+00:00,fetal_movement,8.0,device,DEV-P005-001,online,good,56.0,True,,sensor_malfunction
3a3f9bc5,P005,2026-09-06 03:13:00.596498+00:00,fetal_movement,7.0,device,DEV-P005-001,online,good,47.0,False,,sensor_malfunction
5b93dbdc,P005,2026-09-07 21:13:00.596498+00:00,fetal_movement,7.0,device,DEV-P005-001,online,good,42.0,False,,sensor_malfunction
a061f1de,P005,2026-09-09 20:13:00.596498+00:00,fetal_movement,9.0,device,DEV-P005-001,online,good,47.0,False,,sensor_malfunction
be299d0e,P005,2026-09-12 02:13:00.596498+00:00,fetal_movement,9.0,device,DEV-P005-001,online,good,54.0,True,,sensor_malfunction
7c500484,P005,2026-09-13 17:13:00.596498+00:00,fetal_movement,8.0,device,DEV-P005-001,intermittent,good,39.0,False,,sensor_malfunction
1c5c7e3d,P005,2026-09-15 18:13:00.596498+00:00,fetal_movement,9.0,device,DEV-P005-001,online,good,49.0,True,,sensor_malfunction
aadc5021,P005,2026-09-17 23:13:00.596498+00:00,fetal_movement,7.0,device,DEV-P005-001,online,good,53.0,True,,sensor_malfunction
ad8d4a88,P005,2026-09-20 05:13:00.596498+00:00,fetal_movement,8.0,device,DEV-P005-001,intermittent,good,54.0,True,,sensor_malfunction
e7abc1a1,P005,2026-09-22 01:13:00.596498+00:00,fetal_movement,10.0,device,DEV-P005-001,online,good,44.0,False,,sensor_malfunction
326aa650,P005,2026-09-23 15:13:00.596498+00:00,fetal_movement,8.0,device,DEV-P005-001,online,good,38.0,False,,sensor_malfunction
4d26ff72,P005,2026-09-25 14:13:00.596498+00:00,fetal_movement,9.0,device,DEV-P005-001,online,good,47.0,False,,sensor_malfunction
28d99d95,P005,2026-09-27 13:13:00.596498+00:00,fetal_movement,9.0,device,DEV-P005-001,online,good,47.0,False,,sensor_malfunction
5e949388,P005,2026-08-18 21:13:00.596498+00:00,heart_rate,82.01,device,DEV-P005-001,online,good,0.0,False,,sensor_malfunction
28f07ef3,P005,2026-08-20 06:13:00.596498+00:00,heart_rate,72.79,device,DEV-P005-001,online,good,33.0,True,,sensor_malfunction
34f896e8,P005,2026-08-21 03:13:00.596498+00:00,heart_rate,81.9,device,DEV-P005-001,online,good,21.0,False,,sensor_malfunction
104e62cc,P005,2026-08-22 00:13:00.596498+00:00,heart_rate,77.56,device,DEV-P005-001,online,good,21.0,False,,sensor_malfunction
06cb6c5a,P005,2026-08-23 08:13:00.596498+00:00,heart_rate,76.37,device,DEV-P005-001,online,good,32.0,True,,sensor_malfunction
868c315f,P005,2026-08-23 16:13:00.596498+00:00,heart_rate,79.87,device,DEV-P005-001,online,good,8.0,False,,sensor_malfunction
58631e81,P005,2026-08-25 01:13:00.596498+00:00,heart_rate,87.9,device,DEV-P005-001,online,good,33.0,True,,sensor_malfunction
93afe354,P005,2026-08-25 20:13:00.596498+00:00,heart_rate,85.97,device,DEV-P005-001,online,good,19.0,False,,sensor_malfunction
5e971c54,P005,2026-08-27 05:13:00.596498+00:00,heart_rate,86.83,device,DEV-P005-001,intermittent,good,33.0,True,,sensor_malfunction
c4ee4117,P005,2026-08-28 00:13:00.596498+00:00,heart_rate,76.71,device,DEV-P005-001,online,good,19.0,False,,sensor_malfunction
b3369318,P005,2026-08-29 06:13:00.596498+00:00,heart_rate,84.58,device,DEV-P005-001,intermittent,suspect,30.0,True,,sensor_malfunction
e0422a2a,P005,2026-08-29 17:13:00.596498+00:00,heart_rate,87.16,device,DEV-P005-001,online,good,11.0,False,,sensor_malfunction
d7592125,P005,2026-08-31 04:13:00.596498+00:00,heart_rate,80.84,device,DEV-P005-001,online,good,35.0,True,,sensor_malfunction
ce1bddc8,P005,2026-09-01 04:13:00.596498+00:00,heart_rate,85.7,device,DEV-P005-001,online,good,24.0,False,,sensor_malfunction
c7a33fbe,P005,2026-09-02 00:13:00.596498+00:00,heart_rate,84.66,device,DEV-P005-001,online,good,20.0,False,,sensor_malfunction
ef90dd9f,P005,2026-09-02 14:13:00.596498+00:00,heart_rate,88.59,device,DEV-P005-001,online,good,14.0,False,,sensor_malfunction
42ea78ed,P005,2026-09-03 18:13:00.596498+00:00,heart_rate,75.85,device,DEV-P005-001,online,good,28.0,True,,sensor_malfunction
ee390c40,P005,2026-09-04 23:13:00.596498+00:00,heart_rate,77.79,device,DEV-P005-001,online,good,29.0,True,,sensor_malfunction
c8c378bd,P005,2026-09-05 23:13:00.596498+00:00,heart_rate,82.77,device,DEV-P005-001,online,good,24.0,False,,sensor_malfunction
22333402,P005,2026-09-07 00:13:00.596498+00:00,heart_rate,78.35,device,DEV-P005-001,online,good,25.0,True,,sensor_malfunction
a416a3a5,P005,2026-09-07 19:13:00.596498+00:00,heart_rate,120.87,device,DEV-P005-001,online,good,19.0,False,,sensor_malfunction
189607bd,P005,2026-09-08 21:13:00.596498+00:00,heart_rate,127.62,device,DEV-P005-001,online,good,26.0,True,,sensor_malfunction
f5823918,P005,2026-09-10 02:13:00.596498+00:00,heart_rate,126.86,device,DEV-P005-001,online,good,29.0,True,,sensor_malfunction
8264359d,P005,2026-09-10 22:13:00.596498+00:00,heart_rate,122.08,device,DEV-P005-001,online,good,20.0,False,,sensor_malfunction
48ae8c35,P005,2026-09-11 23:13:00.596498+00:00,heart_rate,122.34,device,DEV-P005-001,online,good,25.0,True,,sensor_malfunction
94792bb1,P005,2026-09-13 04:13:00.596498+00:00,heart_rate,119.12,device,DEV-P005-001,online,good,29.0,True,,sensor_malfunction
35526d69,P005,2026-09-13 17:13:00.596498+00:00,heart_rate,125.43,device,DEV-P005-001,intermittent,good,13.0,False,,sensor_malfunction
870416bb,P005,2026-09-15 02:13:00.596498+00:00,heart_rate,122.9,device,DEV-P005-001,intermittent,good,33.0,True,,sensor_malfunction
c2cefdd8,P005,2026-09-15 22:13:00.596498+00:00,heart_rate,125.36,device,DEV-P005-001,online,good,20.0,False,,sensor_malfunction
1d1069dc,P005,2026-09-17 01:13:00.596498+00:00,heart_rate,133.3,device,DEV-P005-001,intermittent,good,27.0,True,,sensor_malfunction
7d2297ab,P005,2026-09-17 18:13:00.596498+00:00,heart_rate,127.6,device,DEV-P005-001,online,good,17.0,False,,sensor_malfunction
8e9630d4,P005,2026-09-19 01:13:00.596498+00:00,heart_rate,121.95,device,DEV-P005-001,online,good,31.0,True,,sensor_malfunction
bd189ebb,P005,2026-09-20 00:13:00.596498+00:00,heart_rate,117.74,device,DEV-P005-001,intermittent,good,23.0,False,,sensor_malfunction
e93a101f,P005,2026-09-20 20:13:00.596498+00:00,heart_rate,124.08,device,DEV-P005-001,online,good,20.0,False,,sensor_malfunction
fb860724,P005,2026-09-22 03:13:00.596498+00:00,heart_rate,123.73,device,DEV-P005-001,online,good,31.0,True,,sensor_malfunction
20a8ecc3,P005,2026-09-23 07:13:00.596498+00:00,heart_rate,119.97,device,DEV-P005-001,online,good,28.0,True,,sensor_malfunction
a63d88a3,P005,2026-09-23 19:13:00.596498+00:00,heart_rate,122.97,device,DEV-P005-001,online,good,12.0,False,,sensor_malfunction
2e9807fa,P005,2026-09-24 23:13:00.596498+00:00,heart_rate,126.0,device,DEV-P005-001,online,good,28.0,True,,sensor_malfunction
6f3a0cbe,P005,2026-09-26 01:13:00.596498+00:00,heart_rate,120.66,device,DEV-P005-001,online,good,26.0,True,,sensor_malfunction
4d51627b,P005,2026-09-26 18:13:00.596498+00:00,heart_rate,124.31,device,DEV-P005-001,online,good,17.0,False,,sensor_malfunction
c8ed3eab,P005,2026-09-28 00:13:00.596498+00:00,heart_rate,123.54,device,DEV-P005-001,online,good,30.0,True,,sensor_malfunction
0b73080b,P005,2026-09-29 01:13:00.596498+00:00,heart_rate,121.92,device,DEV-P005-001,online,good,25.0,True,,sensor_malfunction
4a8c8ab2,P005,2026-08-18 14:13:00.596498+00:00,systolic_bp,120.59,device,DEV-P005-001,online,good,-9.0,False,,sensor_malfunction
0636b809,P005,2026-08-18 23:13:00.596498+00:00,systolic_bp,120.05,health_worker,DEV-P005-001,online,good,0.0,False,,sensor_malfunction
805a3847,P005,2026-08-20 04:13:00.596498+00:00,systolic_bp,126.16,device,DEV-P005-001,online,good,38.0,False,,sensor_malfunction
bff5c02a,P005,2026-08-21 01:13:00.596498+00:00,systolic_bp,123.0,device,DEV-P005-001,online,good,21.0,False,,sensor_malfunction
f029a4e4,P005,2026-08-22 02:13:00.596498+00:00,systolic_bp,117.79,device,DEV-P005-001,online,good,25.0,False,,sensor_malfunction
fb81f0e2,P005,2026-08-23 06:13:00.596498+00:00,systolic_bp,120.59,device,DEV-P005-001,online,good,28.0,False,,sensor_malfunction
22f87454,P005,2026-08-23 17:13:00.596498+00:00,systolic_bp,119.69,device,DEV-P005-001,online,good,11.0,False,,sensor_malfunction
f2cf9c07,P005,2026-08-24 23:13:00.596498+00:00,systolic_bp,123.1,device,DEV-P005-001,online,good,30.0,False,,sensor_malfunction
dec325e4,P005,2026-08-25 18:13:00.596498+00:00,systolic_bp,122.98,device,DEV-P005-001,online,good,19.0,False,,sensor_malfunction
7e602d68,P005,2026-08-27 02:13:00.596498+00:00,systolic_bp,128.48,device,DEV-P005-001,intermittent,good,32.0,False,,sensor_malfunction
22ccdec6,P005,2026-08-28 04:13:00.596498+00:00,systolic_bp,125.09,device,DEV-P005-001,online,good,26.0,False,,sensor_malfunction
7f185c03,P005,2026-08-29 05:13:00.596498+00:00,systolic_bp,118.71,device,DEV-P005-001,intermittent,suspect,25.0,False,,sensor_malfunction
1dc0f38f,P005,2026-08-29 13:13:00.596498+00:00,systolic_bp,121.22,device,DEV-P005-001,online,good,8.0,False,,sensor_malfunction
acefb921,P005,2026-08-30 21:13:00.596498+00:00,systolic_bp,126.3,device,DEV-P005-001,online,good,32.0,False,,sensor_malfunction
97e73135,P005,2026-08-31 23:13:00.596498+00:00,systolic_bp,121.7,device,DEV-P005-001,online,good,26.0,False,,sensor_malfunction
df8abea4,P005,2026-09-01 16:13:00.596498+00:00,systolic_bp,121.89,device,DEV-P005-001,online,good,-7.0,False,,sensor_malfunction
acb88f08,P005,2026-09-01 23:13:00.596498+00:00,systolic_bp,124.97,health_worker,DEV-P005-001,online,good,24.0,False,,sensor_malfunction
259c1283,P005,2026-09-02 17:13:00.596498+00:00,systolic_bp,121.92,device,DEV-P005-001,online,good,25.0,False,,sensor_malfunction
800ea116,P005,2026-09-04 04:13:00.596498+00:00,systolic_bp,124.08,device,DEV-P005-001,online,good,35.0,False,,sensor_malfunction
1df0411b,P005,2026-09-05 08:13:00.596498+00:00,systolic_bp,118.81,device,DEV-P005-001,online,good,28.0,False,,sensor_malfunction
ee3aa3d3,P005,2026-09-05 23:13:00.596498+00:00,systolic_bp,124.66,device,DEV-P005-001,online,good,15.0,False,,sensor_malfunction
f19cdd36,P005,2026-09-06 23:13:00.596498+00:00,systolic_bp,127.05,device,DEV-P005-001,online,good,24.0,False,,sensor_malfunction
af100e11,P005,2026-09-07 17:13:00.596498+00:00,systolic_bp,159.06,device,DEV-P005-001,online,good,18.0,False,,sensor_malfunction
95d37aa9,P005,2026-09-08 18:13:00.596498+00:00,systolic_bp,152.22,device,DEV-P005-001,online,good,25.0,False,,sensor_malfunction
fdc7fe9b,P005,2026-09-10 03:13:00.596498+00:00,systolic_bp,161.76,device,DEV-P005-001,online,good,33.0,False,,sensor_malfunction
d1f76647,P005,2026-09-10 16:13:00.596498+00:00,systolic_bp,154.38,device,DEV-P005-001,online,good,13.0,False,,sensor_malfunction
337c108b,P005,2026-09-11 21:13:00.596498+00:00,systolic_bp,156.82,device,DEV-P005-001,online,good,29.0,False,,sensor_malfunction
ca9a7394,P005,2026-09-13 02:13:00.596498+00:00,systolic_bp,162.72,device,DEV-P005-001,online,good,29.0,False,,sensor_malfunction
fb091fb3,P005,2026-09-13 19:13:00.596498+00:00,systolic_bp,156.81,device,DEV-P005-001,intermittent,good,17.0,False,,sensor_malfunction
bc67b707,P005,2026-09-15 00:13:00.596498+00:00,systolic_bp,160.73,device,DEV-P005-001,intermittent,good,29.0,False,,sensor_malfunction
a74d7993,P005,2026-09-16 01:13:00.596498+00:00,systolic_bp,159.2,device,DEV-P005-001,online,good,-1.0,False,,sensor_malfunction
e5e443e9,P005,2026-09-16 02:13:00.596498+00:00,systolic_bp,159.91,health_worker,DEV-P005-001,online,good,26.0,False,,sensor_malfunction
75b7bee3,P005,2026-09-17 07:13:00.596498+00:00,systolic_bp,157.88,device,DEV-P005-001,intermittent,good,30.0,False,,sensor_malfunction
6dfbb25f,P005,2026-09-17 16:13:00.596498+00:00,systolic_bp,154.59,device,DEV-P005-001,online,good,9.0,False,,sensor_malfunction
537d587a,P005,2026-09-18 18:13:00.596498+00:00,systolic_bp,154.67,device,DEV-P005-001,online,good,26.0,False,,sensor_malfunction
b547aa65,P005,2026-09-20 08:13:00.596498+00:00,systolic_bp,160.7,device,DEV-P005-001,intermittent,good,38.0,False,,sensor_malfunction
f19106f9,P005,2026-09-21 00:13:00.596498+00:00,systolic_bp,162.34,device,DEV-P005-001,online,good,16.0,False,,sensor_malfunction
0d9c3aec,P005,2026-09-22 04:13:00.596498+00:00,systolic_bp,158.08,device,DEV-P005-001,online,good,28.0,False,,sensor_malfunction
4d1a4a22,P005,2026-09-23 01:13:00.596498+00:00,systolic_bp,154.57,device,DEV-P005-001,online,good,21.0,False,,sensor_malfunction
f91f6cae,P005,2026-09-23 20:13:00.596498+00:00,systolic_bp,154.31,device,DEV-P005-001,online,good,19.0,False,,sensor_malfunction
d26e3fbb,P005,2026-09-24 20:13:00.596498+00:00,systolic_bp,158.91,device,DEV-P005-001,online,good,24.0,False,,sensor_malfunction
f32e4e0b,P005,2026-09-25 23:13:00.596498+00:00,systolic_bp,158.73,device,DEV-P005-001,online,good,27.0,False,,sensor_malfunction
ddeec1e4,P005,2026-09-26 18:13:00.596498+00:00,systolic_bp,162.34,device,DEV-P005-001,online,good,19.0,False,,sensor_malfunction
68182e0a,P005,2026-09-27 16:13:00.596498+00:00,systolic_bp,156.63,device,DEV-P005-001,online,good,22.0,False,,sensor_malfunction
ca259569,P005,2026-09-28 22:13:00.596498+00:00,systolic_bp,156.49,device,DEV-P005-001,online,good,30.0,False,,sensor_malfunction
1153c024,P005,2026-08-18 14:13:00.596498+00:00,weight_kg,69.08,device,DEV-P005-001,online,good,0.0,False,,sensor_malfunction
de1ef5a0,P005,2026-08-26 02:13:00.596498+00:00,weight_kg,69.7,device,DEV-P005-001,online,good,180.0,False,,sensor_malfunction
7f1426e8,P005,2026-09-01 19:13:00.596498+00:00,weight_kg,70.0,device,DEV-P005-001,online,good,161.0,False,,sensor_malfunction
05b80d9b,P005,2026-09-09 02:13:00.596498+00:00,weight_kg,70.99,device,DEV-P005-001,online,good,175.0,False,,sensor_malfunction
88800b88,P005,2026-09-16 00:13:00.596498+00:00,weight_kg,71.25,device,DEV-P005-001,online,good,166.0,False,,sensor_malfunction
53eff34b,P005,2026-09-23 04:13:00.596498+00:00,weight_kg,71.95,device,DEV-P005-001,online,good,172.0,False,,sensor_malfunction
5403bd3a,P006,2026-08-18 18:13:00.623312+00:00,diastolic_bp,76.55,device,DEV-P006-001,online,good,0.0,False,,irregular_timing
ef7669ed,P006,2026-08-20 02:13:00.623312+00:00,diastolic_bp,73.6,device,DEV-P006-001,online,good,32.0,False,,irregular_timing
67cbc10d,P006,2026-08-20 19:13:00.623312+00:00,diastolic_bp,70.33,device,DEV-P006-001,online,good,17.0,False,,irregular_timing
22ffcb23,P006,2026-08-22 07:13:00.623312+00:00,diastolic_bp,73.49,device,DEV-P006-001,online,good,36.0,False,,irregular_timing
ee43900d,P006,2026-08-22 22:13:00.623312+00:00,diastolic_bp,71.55,device,DEV-P006-001,online,good,15.0,False,,irregular_timing
1fd70dae,P006,2026-08-23 19:13:00.623312+00:00,diastolic_bp,75.72,device,DEV-P006-001,online,good,21.0,False,,irregular_timing
b019f9d4,P006,2026-08-25 03:13:00.623312+00:00,diastolic_bp,75.09,device,DEV-P006-001,intermittent,good,32.0,False,,irregular_timing
b1f21986,P006,2026-08-26 08:13:00.623312+00:00,diastolic_bp,66.84,device,DEV-P006-001,online,good,29.0,False,,irregular_timing
1f412d32,P006,2026-08-27 02:13:00.623312+00:00,diastolic_bp,71.04,device,DEV-P006-001,online,good,18.0,False,,irregular_timing
3db4cee2,P006,2026-08-28 03:13:00.623312+00:00,diastolic_bp,71.13,device,DEV-P006-001,online,good,25.0,False,,irregular_timing
560a806c,P006,2026-08-29 02:13:00.623312+00:00,diastolic_bp,74.26,device,DEV-P006-001,online,good,23.0,False,,irregular_timing
e3f9ca2c,P006,2026-08-29 20:13:00.623312+00:00,diastolic_bp,73.68,device,DEV-P006-001,online,good,18.0,False,,irregular_timing
55a47ac3,P006,2026-08-30 21:13:00.623312+00:00,diastolic_bp,70.74,device,DEV-P006-001,intermittent,good,25.0,False,,irregular_timing
88e9cae7,P006,2026-08-31 15:13:00.623312+00:00,diastolic_bp,74.99,device,DEV-P006-001,online,good,18.0,False,,irregular_timing
059cc7d5,P006,2026-09-01 17:13:00.623312+00:00,diastolic_bp,75.41,device,DEV-P006-001,online,good,26.0,False,,irregular_timing
9b69e780,P006,2026-09-02 20:13:00.623312+00:00,diastolic_bp,76.02,device,DEV-P006-001,online,good,27.0,False,,irregular_timing
b4aa828c,P006,2026-09-03 23:13:00.623312+00:00,diastolic_bp,70.59,device,DEV-P006-001,online,good,27.0,False,,irregular_timing
2ad88474,P006,2026-09-05 01:13:00.623312+00:00,diastolic_bp,73.44,device,DEV-P006-001,online,good,26.0,False,,irregular_timing
5e64970c,P006,2026-09-06 08:13:00.623312+00:00,diastolic_bp,73.69,device,DEV-P006-001,online,good,31.0,False,,irregular_timing
2cadfe4d,P006,2026-09-07 04:13:00.623312+00:00,diastolic_bp,72.99,device,DEV-P006-001,online,good,20.0,False,,irregular_timing
9a5fe534,P006,2026-09-08 04:13:00.623312+00:00,diastolic_bp,66.96,device,DEV-P006-001,intermittent,good,24.0,False,,irregular_timing
5ac3f96e,P006,2026-09-09 00:13:00.623312+00:00,diastolic_bp,74.55,device,DEV-P006-001,online,good,20.0,False,,irregular_timing
fcd86495,P006,2026-09-11 15:13:00.623312+00:00,diastolic_bp,74.49,device,DEV-P006-001,online,good,63.0,True,,irregular_timing
3197423f,P006,2026-09-14 10:13:00.623312+00:00,diastolic_bp,71.87,device,DEV-P006-001,online,good,67.0,True,,irregular_timing
70e0f10a,P006,2026-09-17 16:13:00.623312+00:00,diastolic_bp,72.42,device,DEV-P006-001,online,good,78.0,True,,irregular_timing
c1f0efa3,P006,2026-09-20 13:13:00.623312+00:00,diastolic_bp,73.59,device,DEV-P006-001,online,good,69.0,True,,irregular_timing
a0109e03,P006,2026-09-23 18:13:00.623312+00:00,diastolic_bp,70.92,device,DEV-P006-001,online,good,77.0,True,,irregular_timing
e3e4fbe5,P006,2026-09-27 02:13:00.623312+00:00,diastolic_bp,71.75,device,DEV-P006-001,online,good,80.0,True,,irregular_timing
58deda57,P006,2026-08-19 05:13:00.623312+00:00,fetal_movement,10.0,device,DEV-P006-001,online,good,0.0,False,,irregular_timing
38881b31,P006,2026-08-21 02:13:00.623312+00:00,fetal_movement,11.0,device,DEV-P006-001,online,good,45.0,False,,irregular_timing
0a0c320b,P006,2026-08-23 03:13:00.623312+00:00,fetal_movement,12.0,device,DEV-P006-001,online,good,49.0,True,,irregular_timing
ccd32f5f,P006,2026-08-25 09:13:00.623312+00:00,fetal_movement,10.0,device,DEV-P006-001,intermittent,good,54.0,True,,irregular_timing
a2fdcec3,P006,2026-08-26 22:13:00.623312+00:00,fetal_movement,9.0,device,DEV-P006-001,online,good,37.0,False,,irregular_timing
53dbd0e8,P006,2026-08-29 05:13:00.623312+00:00,fetal_movement,8.0,device,DEV-P006-001,online,good,55.0,True,,irregular_timing
986a0b85,P006,2026-08-30 13:13:00.623312+00:00,fetal_movement,12.0,device,DEV-P006-001,intermittent,good,32.0,False,,irregular_timing
2371a1ef,P006,2026-09-01 21:13:00.623312+00:00,fetal_movement,9.0,device,DEV-P006-001,online,good,56.0,True,,irregular_timing
84d9bd5d,P006,2026-09-03 20:13:00.623312+00:00,fetal_movement,8.0,device,DEV-P006-001,online,good,47.0,False,,irregular_timing
c23ece5f,P006,2026-09-06 07:13:00.623312+00:00,fetal_movement,10.0,device,DEV-P006-001,online,good,59.0,True,,irregular_timing
3a88e350,P006,2026-09-08 05:13:00.623312+00:00,fetal_movement,11.0,device,DEV-P006-001,intermittent,good,46.0,False,,irregular_timing
cb7b6fb5,P006,2026-09-11 19:13:00.623312+00:00,fetal_movement,9.0,device,DEV-P006-001,online,good,86.0,True,,irregular_timing
93786b20,P006,2026-09-18 05:13:00.623312+00:00,fetal_movement,12.0,device,DEV-P006-001,online,good,154.0,True,,irregular_timing
72aeece8,P006,2026-09-24 10:13:00.623312+00:00,fetal_movement,9.0,device,DEV-P006-001,online,good,149.0,True,,irregular_timing
0536e31f,P006,2026-08-18 18:13:00.623312+00:00,heart_rate,73.79,device,DEV-P006-001,online,good,0.0,False,,irregular_timing
5fea3ec3,P006,2026-08-20 08:13:00.623312+00:00,heart_rate,82.9,device,DEV-P006-001,online,good,38.0,True,,irregular_timing
0363d72c,P006,2026-08-21 01:13:00.623312+00:00,heart_rate,78.56,device,DEV-P006-001,online,good,17.0,False,,irregular_timing
d5bf2e0b,P006,2026-08-21 22:13:00.623312+00:00,heart_rate,77.37,device,DEV-P006-001,online,good,21.0,False,,irregular_timing
5c051438,P006,2026-08-22 23:13:00.623312+00:00,heart_rate,80.87,device,DEV-P006-001,online,good,25.0,True,,irregular_timing
01c1e4f1,P006,2026-08-24 00:13:00.623312+00:00,heart_rate,88.9,device,DEV-P006-001,online,good,25.0,True,,irregular_timing
bbf48073,P006,2026-08-25 06:13:00.623312+00:00,heart_rate,86.97,device,DEV-P006-001,intermittent,good,30.0,True,,irregular_timing
1d2c100d,P006,2026-08-26 10:13:00.623312+00:00,heart_rate,87.83,device,DEV-P006-001,online,good,28.0,True,,irregular_timing
1965152b,P006,2026-08-26 22:13:00.623312+00:00,heart_rate,77.71,device,DEV-P006-001,online,good,12.0,False,,irregular_timing
a1d17551,P006,2026-08-27 15:13:00.623312+00:00,heart_rate,85.58,device,DEV-P006-001,online,good,17.0,False,,irregular_timing
46e7284c,P006,2026-08-29 03:13:00.623312+00:00,heart_rate,88.16,device,DEV-P006-001,online,good,36.0,True,,irregular_timing
a2c72d75,P006,2026-08-30 05:13:00.623312+00:00,heart_rate,81.84,device,DEV-P006-001,online,good,26.0,True,,irregular_timing
e32faecc,P006,2026-08-30 11:13:00.623312+00:00,heart_rate,86.7,device,DEV-P006-001,intermittent,good,6.0,False,,irregular_timing
bcdc531d,P006,2026-08-31 13:13:00.623312+00:00,heart_rate,85.66,device,DEV-P006-001,online,good,26.0,True,,irregular_timing
dbcd7b1e,P006,2026-09-01 12:13:00.623312+00:00,heart_rate,89.59,device,DEV-P006-001,online,good,23.0,False,,irregular_timing
21fda717,P006,2026-09-02 20:13:00.623312+00:00,heart_rate,76.85,device,DEV-P006-001,online,good,32.0,True,,irregular_timing
43bdbcc3,P006,2026-09-03 17:13:00.623312+00:00,heart_rate,78.79,device,DEV-P006-001,online,good,21.0,False,,irregular_timing
980cf770,P006,2026-09-05 05:13:00.623312+00:00,heart_rate,83.77,device,DEV-P006-001,online,good,36.0,True,,irregular_timing
9eb6773c,P006,2026-09-05 23:13:00.623312+00:00,heart_rate,79.35,device,DEV-P006-001,online,good,18.0,False,,irregular_timing
c484bfe7,P006,2026-09-07 00:13:00.623312+00:00,heart_rate,81.87,device,DEV-P006-001,online,good,25.0,True,,irregular_timing
8c437be4,P006,2026-09-08 06:13:00.623312+00:00,heart_rate,88.62,device,DEV-P006-001,intermittent,good,30.0,True,,irregular_timing
da693df3,P006,2026-09-08 18:13:00.623312+00:00,heart_rate,87.86,device,DEV-P006-001,online,good,12.0,False,,irregular_timing
efa27fe5,P006,2026-09-12 06:13:00.623312+00:00,heart_rate,80.12,device,DEV-P006-001,online,good,84.0,True,,irregular_timing
3c998444,P006,2026-09-14 12:13:00.623312+00:00,heart_rate,86.36,device,DEV-P006-001,online,good,54.0,True,,irregular_timing
5b6ff979,P006,2026-09-17 13:13:00.623312+00:00,heart_rate,82.95,device,DEV-P006-001,online,good,73.0,True,,irregular_timing
82941bb5,P006,2026-09-20 10:13:00.623312+00:00,heart_rate,84.73,device,DEV-P006-001,online,good,69.0,True,,irregular_timing
8fdf17af,P006,2026-09-24 10:13:00.623312+00:00,heart_rate,87.0,device,DEV-P006-001,online,good,96.0,True,,irregular_timing
d30edd00,P006,2026-09-26 18:13:00.623312+00:00,heart_rate,84.54,device,DEV-P006-001,online,good,56.0,True,,irregular_timing
639554ab,P006,2026-08-19 02:13:00.623312+00:00,systolic_bp,127.16,device,DEV-P006-001,online,good,-1.0,False,,irregular_timing
507898ea,P006,2026-08-19 03:13:00.623312+00:00,systolic_bp,123.36,health_worker,DEV-P006-001,online,good,0.0,False,,irregular_timing
c56dc96e,P006,2026-08-19 23:13:00.623312+00:00,systolic_bp,124.0,device,DEV-P006-001,online,good,21.0,False,,irregular_timing
4a997bb4,P006,2026-08-20 18:13:00.623312+00:00,systolic_bp,118.79,device,DEV-P006-001,online,good,19.0,False,,irregular_timing
1f91da1c,P006,2026-08-22 07:13:00.623312+00:00,systolic_bp,121.59,device,DEV-P006-001,online,good,37.0,False,,irregular_timing
1d0225ed,P006,2026-08-22 21:13:00.623312+00:00,systolic_bp,120.69,device,DEV-P006-001,online,good,14.0,False,,irregular_timing
a29d12dd,P006,2026-08-23 19:13:00.623312+00:00,systolic_bp,124.1,device,DEV-P006-001,online,good,22.0,False,,irregular_timing
999bb1c9,P006,2026-08-24 22:13:00.623312+00:00,systolic_bp,123.98,device,DEV-P006-001,intermittent,good,27.0,False,,irregular_timing
aaa12c3a,P006,2026-08-26 01:13:00.623312+00:00,systolic_bp,129.48,device,DEV-P006-001,online,good,27.0,False,,irregular_timing
cee8ca05,P006,2026-08-27 02:13:00.623312+00:00,systolic_bp,126.09,device,DEV-P006-001,online,good,25.0,False,,irregular_timing
e985295c,P006,2026-08-28 02:13:00.623312+00:00,systolic_bp,119.71,device,DEV-P006-001,online,good,24.0,False,,irregular_timing
08712e0f,P006,2026-08-29 03:13:00.623312+00:00,systolic_bp,122.22,device,DEV-P006-001,online,good,25.0,False,,irregular_timing
9998848e,P006,2026-08-30 05:13:00.623312+00:00,systolic_bp,127.3,device,DEV-P006-001,online,good,26.0,False,,irregular_timing
70141800,P006,2026-08-30 14:13:00.623312+00:00,systolic_bp,122.7,device,DEV-P006-001,intermittent,good,9.0,False,,irregular_timing
0e494dbd,P006,2026-08-31 11:13:00.623312+00:00,systolic_bp,122.89,device,DEV-P006-001,online,good,21.0,False,,irregular_timing
0f8b7c69,P006,2026-09-01 18:13:00.623312+00:00,systolic_bp,122.92,device,DEV-P006-001,online,good,-3.0,False,,irregular_timing
9ecf337b,P006,2026-09-01 21:13:00.623312+00:00,systolic_bp,124.76,health_worker,DEV-P006-001,online,good,34.0,False,,irregular_timing
d114180d,P006,2026-09-02 19:13:00.623312+00:00,systolic_bp,125.08,device,DEV-P006-001,online,good,25.0,False,,irregular_timing
97ee4421,P006,2026-09-03 14:13:00.623312+00:00,systolic_bp,119.81,device,DEV-P006-001,online,good,19.0,False,,irregular_timing
67fbf6b2,P006,2026-09-04 21:13:00.623312+00:00,systolic_bp,125.66,device,DEV-P006-001,online,good,31.0,False,,irregular_timing
bbc9993c,P006,2026-09-06 04:13:00.623312+00:00,systolic_bp,128.05,device,DEV-P006-001,online,good,31.0,False,,irregular_timing
3623cc0c,P006,2026-09-07 00:13:00.623312+00:00,systolic_bp,125.06,device,DEV-P006-001,online,good,20.0,False,,irregular_timing
0cc6020f,P006,2026-09-07 22:13:00.623312+00:00,systolic_bp,118.22,device,DEV-P006-001,intermittent,good,22.0,False,,irregular_timing
361fbdaf,P006,2026-09-08 21:13:00.623312+00:00,systolic_bp,127.76,device,DEV-P006-001,online,good,23.0,False,,irregular_timing
e2cdf29d,P006,2026-09-12 00:13:00.623312+00:00,systolic_bp,128.72,device,DEV-P006-001,online,good,75.0,True,,irregular_timing
d67b8bd0,P006,2026-09-14 16:13:00.623312+00:00,systolic_bp,125.2,device,DEV-P006-001,online,good,64.0,True,,irregular_timing
c5980f01,P006,2026-09-17 08:13:00.623312+00:00,systolic_bp,120.67,device,DEV-P006-001,online,good,64.0,True,,irregular_timing
71f181a1,P006,2026-09-20 23:13:00.623312+00:00,systolic_bp,124.08,device,DEV-P006-001,online,good,87.0,True,,irregular_timing
0ffd6535,P006,2026-09-24 13:13:00.623312+00:00,systolic_bp,124.91,device,DEV-P006-001,online,good,86.0,True,,irregular_timing
cffcbd5a,P006,2026-09-27 14:13:00.623312+00:00,systolic_bp,122.63,device,DEV-P006-001,online,good,73.0,True,,irregular_timing
b6ee055d,P006,2026-08-18 18:13:00.623312+00:00,weight_kg,67.97,device,DEV-P006-001,online,good,0.0,False,,irregular_timing
b0c0e094,P006,2026-08-26 08:13:00.623312+00:00,weight_kg,68.57,device,DEV-P006-001,online,good,182.0,False,,irregular_timing
006c8ea3,P006,2026-09-01 18:13:00.623312+00:00,weight_kg,69.18,device,DEV-P006-001,online,good,154.0,False,,irregular_timing
1dc2fdc3,P006,2026-09-09 02:13:00.623312+00:00,weight_kg,69.46,device,DEV-P006-001,online,good,176.0,False,,irregular_timing
aeb43520,P007,2026-08-18 16:13:00.635168+00:00,diastolic_bp,74.6,device,DEV-P007-001,online,good,0.0,False,,stable_normal
d1498b44,P007,2026-08-19 19:13:00.635168+00:00,diastolic_bp,71.33,device,DEV-P007-001,online,good,27.0,False,,stable_normal
96a449bb,P007,2026-08-21 07:13:00.635168+00:00,diastolic_bp,74.49,device,DEV-P007-001,online,good,36.0,False,,stable_normal
36e202f0,P007,2026-08-21 15:13:00.635168+00:00,diastolic_bp,72.55,device,DEV-P007-001,online,good,8.0,False,,stable_normal
566d7106,P007,2026-08-22 20:13:00.635168+00:00,diastolic_bp,76.72,device,DEV-P007-001,online,good,29.0,False,,stable_normal
14ac3294,P007,2026-08-23 16:13:00.635168+00:00,diastolic_bp,76.09,device,DEV-P007-001,online,good,20.0,False,,stable_normal
609df080,P007,2026-08-24 22:13:00.635168+00:00,diastolic_bp,67.84,device,DEV-P007-001,online,good,30.0,False,,stable_normal
716a7ac0,P007,2026-08-26 02:13:00.635168+00:00,diastolic_bp,72.04,device,DEV-P007-001,online,good,28.0,False,,stable_normal
122d6389,P007,2026-08-26 19:13:00.635168+00:00,diastolic_bp,72.13,device,DEV-P007-001,online,good,17.0,False,,stable_normal
7ae9bc8a,P007,2026-08-27 14:13:00.635168+00:00,diastolic_bp,75.26,device,DEV-P007-001,online,good,19.0,False,,stable_normal
30def975,P007,2026-08-29 08:13:00.635168+00:00,diastolic_bp,74.68,device,DEV-P007-001,online,good,42.0,False,,stable_normal
9e5d65fd,P007,2026-08-29 16:13:00.635168+00:00,diastolic_bp,71.74,device,DEV-P007-001,online,good,8.0,False,,stable_normal
104ac2ee,P007,2026-08-30 17:13:00.635168+00:00,diastolic_bp,75.99,device,DEV-P007-001,online,good,25.0,False,,stable_normal
427066f7,P007,2026-08-31 10:13:00.635168+00:00,diastolic_bp,76.41,device,DEV-P007-001,online,good,17.0,False,,stable_normal
6446eda1,P007,2026-09-01 17:13:00.635168+00:00,diastolic_bp,77.02,device,DEV-P007-001,online,good,31.0,False,,stable_normal
b142791d,P007,2026-09-02 23:13:00.635168+00:00,diastolic_bp,71.59,device,DEV-P007-001,online,good,30.0,False,,stable_normal
ec1b2765,P007,2026-09-03 16:13:00.635168+00:00,diastolic_bp,74.44,device,DEV-P007-001,online,good,17.0,False,,stable_normal
202bbd3b,P007,2026-09-04 17:13:00.635168+00:00,diastolic_bp,74.69,device,DEV-P007-001,online,good,25.0,False,,stable_normal
a375c4ed,P007,2026-09-05 19:13:00.635168+00:00,diastolic_bp,73.99,device,DEV-P007-001,online,good,26.0,False,,stable_normal
571e0751,P007,2026-09-06 20:13:00.635168+00:00,diastolic_bp,67.96,device,DEV-P007-001,intermittent,good,25.0,False,,stable_normal
6e2f2ac1,P007,2026-09-07 23:13:00.635168+00:00,diastolic_bp,75.55,device,DEV-P007-001,intermittent,suspect,27.0,False,,stable_normal
9bd41fe6,P007,2026-09-09 07:13:00.635168+00:00,diastolic_bp,74.26,device,DEV-P007-001,online,good,32.0,False,,stable_normal
26abf9cb,P007,2026-09-09 15:13:00.635168+00:00,diastolic_bp,74.1,device,DEV-P007-001,online,good,8.0,False,,stable_normal
eb45e464,P007,2026-09-11 05:13:00.635168+00:00,diastolic_bp,75.49,device,DEV-P007-001,online,good,38.0,False,,stable_normal
2b0d0bb1,P007,2026-09-11 20:13:00.635168+00:00,diastolic_bp,74.53,device,DEV-P007-001,online,good,15.0,False,,stable_normal
0d080af4,P007,2026-09-13 04:13:00.635168+00:00,diastolic_bp,75.5,device,DEV-P007-001,online,good,32.0,False,,stable_normal
1b9cb7b6,P007,2026-09-14 00:13:00.635168+00:00,diastolic_bp,72.87,device,DEV-P007-001,online,good,20.0,False,,stable_normal
afc0ee0f,P007,2026-09-15 01:13:00.635168+00:00,diastolic_bp,71.48,device,DEV-P007-001,online,good,25.0,False,,stable_normal
b7b926f9,P007,2026-09-15 15:13:00.635168+00:00,diastolic_bp,75.54,device,DEV-P007-001,online,good,14.0,False,,stable_normal
7d3bcb3e,P007,2026-09-17 05:13:00.635168+00:00,diastolic_bp,73.42,device,DEV-P007-001,intermittent,good,38.0,False,,stable_normal
2dae5b54,P007,2026-09-18 06:13:00.635168+00:00,diastolic_bp,73.08,device,DEV-P007-001,online,good,25.0,False,,stable_normal
cdf36236,P007,2026-09-18 17:13:00.635168+00:00,diastolic_bp,74.28,device,DEV-P007-001,online,good,11.0,False,,stable_normal
b450a29e,P007,2026-09-19 21:13:00.635168+00:00,diastolic_bp,74.59,device,DEV-P007-001,online,good,28.0,False,,stable_normal
63447c65,P007,2026-09-21 01:13:00.635168+00:00,diastolic_bp,71.86,device,DEV-P007-001,online,good,28.0,False,,stable_normal
f08e2190,P007,2026-09-22 02:13:00.635168+00:00,diastolic_bp,74.53,device,DEV-P007-001,intermittent,good,25.0,False,,stable_normal
e7fb6ef7,P007,2026-09-22 21:13:00.635168+00:00,diastolic_bp,71.92,device,DEV-P007-001,online,good,19.0,False,,stable_normal
99e0646c,P007,2026-09-24 01:13:00.635168+00:00,diastolic_bp,75.36,device,DEV-P007-001,online,good,28.0,False,,stable_normal
3fad4d58,P007,2026-09-25 00:13:00.635168+00:00,diastolic_bp,74.2,device,DEV-P007-001,online,good,23.0,False,,stable_normal
eafefb59,P007,2026-09-25 11:13:00.635168+00:00,diastolic_bp,72.75,device,DEV-P007-001,online,good,11.0,False,,stable_normal
864c495b,P007,2026-09-26 18:13:00.635168+00:00,diastolic_bp,76.44,device,DEV-P007-001,online,good,31.0,False,,stable_normal
b2107891,P007,2026-09-27 22:13:00.635168+00:00,diastolic_bp,74.19,device,DEV-P007-001,online,good,28.0,False,,stable_normal
47942781,P007,2026-09-29 00:13:00.635168+00:00,diastolic_bp,76.7,device,DEV-P007-001,online,good,26.0,False,,stable_normal
4cc6dfaa,P007,2026-08-19 00:13:00.635168+00:00,fetal_movement,9.0,device,DEV-P007-001,online,good,0.0,False,,stable_normal
1d25a2a9,P007,2026-08-21 01:13:00.635168+00:00,fetal_movement,12.0,device,DEV-P007-001,online,good,49.0,True,,stable_normal
b353a5fe,P007,2026-08-22 21:13:00.635168+00:00,fetal_movement,11.0,device,DEV-P007-001,online,good,44.0,False,,stable_normal
ad7ccef1,P007,2026-08-24 20:13:00.635168+00:00,fetal_movement,9.0,device,DEV-P007-001,online,good,47.0,False,,stable_normal
f7c000e9,P007,2026-08-27 03:13:00.635168+00:00,fetal_movement,13.0,device,DEV-P007-001,online,good,55.0,True,,stable_normal
8effaaca,P007,2026-08-29 02:13:00.635168+00:00,fetal_movement,9.0,device,DEV-P007-001,online,good,47.0,False,,stable_normal
42ccb44b,P007,2026-08-30 16:13:00.635168+00:00,fetal_movement,11.0,device,DEV-P007-001,online,good,38.0,False,,stable_normal
a7d27187,P007,2026-09-01 18:13:00.635168+00:00,fetal_movement,10.0,device,DEV-P007-001,online,good,50.0,True,,stable_normal
598c7625,P007,2026-09-03 22:13:00.635168+00:00,fetal_movement,9.0,device,DEV-P007-001,online,good,52.0,True,,stable_normal
c34d5153,P007,2026-09-05 21:13:00.635168+00:00,fetal_movement,9.0,device,DEV-P007-001,online,good,47.0,False,,stable_normal
e619c014,P007,2026-09-07 21:13:00.635168+00:00,fetal_movement,11.0,device,DEV-P007-001,intermittent,suspect,48.0,False,,stable_normal
f0d6ac51,P007,2026-09-09 16:13:00.635168+00:00,fetal_movement,11.0,device,DEV-P007-001,online,good,43.0,False,,stable_normal
c4e39615,P007,2026-09-11 23:13:00.635168+00:00,fetal_movement,10.0,device,DEV-P007-001,online,good,55.0,True,,stable_normal
53163d00,P007,2026-09-14 01:13:00.635168+00:00,fetal_movement,11.0,device,DEV-P007-001,online,good,50.0,True,,stable_normal
24ccaf9b,P007,2026-09-15 20:13:00.635168+00:00,fetal_movement,9.0,device,DEV-P007-001,online,good,43.0,False,,stable_normal
d476cf57,P007,2026-09-17 23:13:00.635168+00:00,fetal_movement,10.0,device,DEV-P007-001,online,good,51.0,True,,stable_normal
2ae88750,P007,2026-09-20 01:13:00.635168+00:00,fetal_movement,12.0,device,DEV-P007-001,online,good,50.0,True,,stable_normal
2df3dd7a,P007,2026-09-22 02:13:00.635168+00:00,fetal_movement,10.0,device,DEV-P007-001,intermittent,good,49.0,True,,stable_normal
b44be040,P007,2026-09-24 01:13:00.635168+00:00,fetal_movement,11.0,device,DEV-P007-001,online,good,47.0,False,,stable_normal
90238b4a,P007,2026-09-25 13:13:00.635168+00:00,fetal_movement,11.0,device,DEV-P007-001,online,good,36.0,False,,stable_normal
f9ef0e13,P007,2026-09-28 05:13:00.635168+00:00,fetal_movement,9.0,device,DEV-P007-001,online,good,64.0,True,,stable_normal
724a047d,P007,2026-08-19 01:13:00.635168+00:00,heart_rate,83.9,device,DEV-P007-001,online,good,0.0,False,,stable_normal
09e624e6,P007,2026-08-20 00:13:00.635168+00:00,heart_rate,79.56,device,DEV-P007-001,online,good,23.0,False,,stable_normal
02b8ada9,P007,2026-08-20 22:13:00.635168+00:00,heart_rate,78.37,device,DEV-P007-001,online,good,22.0,False,,stable_normal
8e6c8584,P007,2026-08-21 23:13:00.635168+00:00,heart_rate,81.87,device,DEV-P007-001,online,good,25.0,True,,stable_normal
9ee31798,P007,2026-08-23 00:13:00.635168+00:00,heart_rate,89.9,device,DEV-P007-001,online,good,25.0,True,,stable_normal
643f8b51,P007,2026-08-23 12:13:00.635168+00:00,heart_rate,87.97,device,DEV-P007-001,online,good,12.0,False,,stable_normal
60f592d1,P007,2026-08-24 23:13:00.635168+00:00,heart_rate,88.83,device,DEV-P007-001,online,good,35.0,True,,stable_normal
b7ee3715,P007,2026-08-25 23:13:00.635168+00:00,heart_rate,78.71,device,DEV-P007-001,online,good,24.0,False,,stable_normal
d8e64aa9,P007,2026-08-27 07:13:00.635168+00:00,heart_rate,86.58,device,DEV-P007-001,online,good,32.0,True,,stable_normal
01563fdc,P007,2026-08-27 12:13:00.635168+00:00,heart_rate,89.16,device,DEV-P007-001,online,good,5.0,False,,stable_normal
8f0c3c4a,P007,2026-08-29 03:13:00.635168+00:00,heart_rate,82.84,device,DEV-P007-001,online,good,39.0,True,,stable_normal
bfe0875b,P007,2026-08-29 17:13:00.635168+00:00,heart_rate,87.7,device,DEV-P007-001,online,good,14.0,False,,stable_normal
2340c5f1,P007,2026-08-30 20:13:00.635168+00:00,heart_rate,86.66,device,DEV-P007-001,online,good,27.0,True,,stable_normal
81c24995,P007,2026-08-31 16:13:00.635168+00:00,heart_rate,90.59,device,DEV-P007-001,online,good,20.0,False,,stable_normal
99dc8b1b,P007,2026-09-02 00:13:00.635168+00:00,heart_rate,77.85,device,DEV-P007-001,online,good,32.0,True,,stable_normal
dd60590f,P007,2026-09-03 11:13:00.635168+00:00,heart_rate,79.79,device,DEV-P007-001,online,good,35.0,True,,stable_normal
0ad32c9a,P007,2026-09-03 13:13:00.635168+00:00,heart_rate,84.77,device,DEV-P007-001,online,good,2.0,False,,stable_normal
82f62874,P007,2026-09-04 19:13:00.635168+00:00,heart_rate,80.35,device,DEV-P007-001,online,good,30.0,True,,stable_normal
cd4e5e1d,P007,2026-09-05 19:13:00.635168+00:00,heart_rate,82.87,device,DEV-P007-001,online,good,24.0,False,,stable_normal
ec6e6133,P007,2026-09-06 18:13:00.635168+00:00,heart_rate,89.62,device,DEV-P007-001,intermittent,good,23.0,False,,stable_normal
6adbb22e,P007,2026-09-07 23:13:00.635168+00:00,heart_rate,88.86,device,DEV-P007-001,intermittent,suspect,29.0,True,,stable_normal
1ee7563d,P007,2026-09-09 00:13:00.635168+00:00,heart_rate,84.08,device,DEV-P007-001,online,good,25.0,True,,stable_normal
acd279ce,P007,2026-09-09 23:13:00.635168+00:00,heart_rate,84.34,device,DEV-P007-001,online,good,23.0,False,,stable_normal
930a77bb,P007,2026-09-10 22:13:00.635168+00:00,heart_rate,81.12,device,DEV-P007-001,online,good,23.0,False,,stable_normal
432205e3,P007,2026-09-11 21:13:00.635168+00:00,heart_rate,87.43,device,DEV-P007-001,online,good,23.0,False,,stable_normal
8d752d69,P007,2026-09-12 18:13:00.635168+00:00,heart_rate,84.9,device,DEV-P007-001,online,good,21.0,False,,stable_normal
bc3a9ff7,P007,2026-09-13 13:13:00.635168+00:00,heart_rate,87.36,device,DEV-P007-001,online,good,19.0,False,,stable_normal
50802502,P007,2026-09-15 04:13:00.635168+00:00,heart_rate,95.3,device,DEV-P007-001,online,good,39.0,True,,stable_normal
9736388e,P007,2026-09-15 15:13:00.635168+00:00,heart_rate,89.6,device,DEV-P007-001,online,good,11.0,False,,stable_normal
0a6caadb,P007,2026-09-17 03:13:00.635168+00:00,heart_rate,83.95,device,DEV-P007-001,intermittent,good,36.0,True,,stable_normal
2e781b96,P007,2026-09-18 09:13:00.635168+00:00,heart_rate,79.74,device,DEV-P007-001,online,good,30.0,True,,stable_normal
7c5dc04b,P007,2026-09-18 14:13:00.635168+00:00,heart_rate,86.08,device,DEV-P007-001,online,good,5.0,False,,stable_normal
288bf303,P007,2026-09-19 17:13:00.635168+00:00,heart_rate,85.73,device,DEV-P007-001,online,good,27.0,True,,stable_normal
007aa31a,P007,2026-09-21 00:13:00.635168+00:00,heart_rate,81.97,device,DEV-P007-001,online,good,31.0,True,,stable_normal
73301ecc,P007,2026-09-22 06:13:00.635168+00:00,heart_rate,84.97,device,DEV-P007-001,intermittent,good,30.0,True,,stable_normal
7c060740,P007,2026-09-22 19:13:00.635168+00:00,heart_rate,88.0,device,DEV-P007-001,online,good,13.0,False,,stable_normal
19f51c5e,P007,2026-09-23 22:13:00.635168+00:00,heart_rate,82.66,device,DEV-P007-001,online,good,27.0,True,,stable_normal
931cc261,P007,2026-09-25 00:13:00.635168+00:00,heart_rate,86.31,device,DEV-P007-001,online,good,26.0,True,,stable_normal
0f6e01e9,P007,2026-09-25 13:13:00.635168+00:00,heart_rate,85.54,device,DEV-P007-001,online,good,13.0,False,,stable_normal
02125adf,P007,2026-09-27 00:13:00.635168+00:00,heart_rate,83.92,device,DEV-P007-001,online,good,35.0,True,,stable_normal
32df5fa7,P007,2026-09-27 19:13:00.635168+00:00,heart_rate,77.4,device,DEV-P007-001,online,good,19.0,False,,stable_normal
f28017ac,P007,2026-09-28 18:13:00.635168+00:00,heart_rate,85.77,device,DEV-P007-001,online,good,23.0,False,,stable_normal
b689c734,P007,2026-08-18 23:13:00.635168+00:00,systolic_bp,125.0,device,DEV-P007-001,online,good,-3.0,False,,stable_normal
562de535,P007,2026-08-19 02:13:00.635168+00:00,systolic_bp,125.39,health_worker,DEV-P007-001,online,good,0.0,False,,stable_normal
82e73ff4,P007,2026-08-20 01:13:00.635168+00:00,systolic_bp,119.79,device,DEV-P007-001,online,good,26.0,False,,stable_normal
f1e47ff9,P007,2026-08-20 23:13:00.635168+00:00,systolic_bp,122.59,device,DEV-P007-001,online,good,22.0,False,,stable_normal
af3781a7,P007,2026-08-21 11:13:00.635168+00:00,systolic_bp,121.69,device,DEV-P007-001,online,good,12.0,False,,stable_normal
5a6df6ed,P007,2026-08-22 13:13:00.635168+00:00,systolic_bp,125.1,device,DEV-P007-001,online,good,26.0,False,,stable_normal
37e2368c,P007,2026-08-23 15:13:00.635168+00:00,systolic_bp,124.98,device,DEV-P007-001,online,good,26.0,False,,stable_normal
316bd735,P007,2026-08-25 01:13:00.635168+00:00,systolic_bp,130.48,device,DEV-P007-001,online,good,34.0,False,,stable_normal
a08e293d,P007,2026-08-26 01:13:00.635168+00:00,systolic_bp,127.09,device,DEV-P007-001,online,good,24.0,False,,stable_normal
31c9fb1c,P007,2026-08-26 23:13:00.635168+00:00,systolic_bp,120.71,device,DEV-P007-001,online,good,22.0,False,,stable_normal
dbde3f59,P007,2026-08-27 22:13:00.635168+00:00,systolic_bp,123.22,device,DEV-P007-001,online,good,23.0,False,,stable_normal
50b56fa7,P007,2026-08-28 22:13:00.635168+00:00,systolic_bp,128.3,device,DEV-P007-001,online,good,24.0,False,,stable_normal
5ada7da5,P007,2026-08-29 17:13:00.635168+00:00,systolic_bp,123.7,device,DEV-P007-001,online,good,19.0,False,,stable_normal
f6cf7ac7,P007,2026-08-30 17:13:00.635168+00:00,systolic_bp,123.89,device,DEV-P007-001,online,good,24.0,False,,stable_normal
ea45f760,P007,2026-08-31 19:13:00.635168+00:00,systolic_bp,123.92,device,DEV-P007-001,online,good,26.0,False,,stable_normal
d0827bab,P007,2026-09-02 00:13:00.635168+00:00,systolic_bp,126.08,device,DEV-P007-001,online,good,-1.0,False,,stable_normal
55af851e,P007,2026-09-02 01:13:00.635168+00:00,systolic_bp,124.8,health_worker,DEV-P007-001,online,good,30.0,False,,stable_normal
d2278687,P007,2026-09-03 00:13:00.635168+00:00,systolic_bp,120.81,device,DEV-P007-001,online,good,24.0,False,,stable_normal
73226112,P007,2026-09-03 17:13:00.635168+00:00,systolic_bp,126.66,device,DEV-P007-001,online,good,17.0,False,,stable_normal
3938fcde,P007,2026-09-05 00:13:00.635168+00:00,systolic_bp,129.05,device,DEV-P007-001,online,good,31.0,False,,stable_normal
5d2af09f,P007,2026-09-05 11:13:00.635168+00:00,systolic_bp,126.06,device,DEV-P007-001,online,good,11.0,False,,stable_normal
001162d6,P007,2026-09-06 20:13:00.635168+00:00,systolic_bp,119.22,device,DEV-P007-001,intermittent,good,33.0,False,,stable_normal
e407cb02,P007,2026-09-08 02:13:00.635168+00:00,systolic_bp,128.76,device,DEV-P007-001,intermittent,suspect,30.0,False,,stable_normal
5fe14ee8,P007,2026-09-09 07:13:00.635168+00:00,systolic_bp,121.38,device,DEV-P007-001,online,good,29.0,False,,stable_normal
4538ab52,P007,2026-09-09 15:13:00.635168+00:00,systolic_bp,123.82,device,DEV-P007-001,online,good,8.0,False,,stable_normal
a83efe07,P007,2026-09-10 18:13:00.635168+00:00,systolic_bp,129.72,device,DEV-P007-001,online,good,27.0,False,,stable_normal
f859de0b,P007,2026-09-12 02:13:00.635168+00:00,systolic_bp,123.81,device,DEV-P007-001,online,good,32.0,False,,stable_normal
cbd7c94e,P007,2026-09-13 02:13:00.635168+00:00,systolic_bp,127.73,device,DEV-P007-001,online,good,24.0,False,,stable_normal
43a55a26,P007,2026-09-13 20:13:00.635168+00:00,systolic_bp,126.2,device,DEV-P007-001,online,good,18.0,False,,stable_normal
e35fe5cc,P007,2026-09-14 21:13:00.635168+00:00,systolic_bp,124.88,device,DEV-P007-001,online,good,25.0,False,,stable_normal
7f6739ae,P007,2026-09-15 14:13:00.635168+00:00,systolic_bp,121.59,device,DEV-P007-001,online,good,-6.0,False,,stable_normal
345916e2,P007,2026-09-15 20:13:00.635168+00:00,systolic_bp,124.32,health_worker,DEV-P007-001,online,good,23.0,False,,stable_normal
ef3767f2,P007,2026-09-17 01:13:00.635168+00:00,systolic_bp,121.67,device,DEV-P007-001,intermittent,good,35.0,False,,stable_normal
deccf756,P007,2026-09-18 06:13:00.635168+00:00,systolic_bp,127.7,device,DEV-P007-001,online,good,29.0,False,,stable_normal
db16ab2f,P007,2026-09-18 20:13:00.635168+00:00,systolic_bp,129.34,device,DEV-P007-001,online,good,14.0,False,,stable_normal
3e06d2d0,P007,2026-09-19 18:13:00.635168+00:00,systolic_bp,125.08,device,DEV-P007-001,online,good,22.0,False,,stable_normal
af8700f8,P007,2026-09-20 20:13:00.635168+00:00,systolic_bp,121.57,device,DEV-P007-001,online,good,26.0,False,,stable_normal
041cee75,P007,2026-09-21 20:13:00.635168+00:00,systolic_bp,121.31,device,DEV-P007-001,intermittent,good,24.0,False,,stable_normal
d37767d8,P007,2026-09-22 23:13:00.635168+00:00,systolic_bp,125.91,device,DEV-P007-001,online,good,27.0,False,,stable_normal
89a44659,P007,2026-09-23 20:13:00.635168+00:00,systolic_bp,125.73,device,DEV-P007-001,online,good,21.0,False,,stable_normal
9aa83529,P007,2026-09-25 04:13:00.635168+00:00,systolic_bp,129.34,device,DEV-P007-001,online,good,32.0,False,,stable_normal
c323a477,P007,2026-09-25 18:13:00.635168+00:00,systolic_bp,123.63,device,DEV-P007-001,online,good,14.0,False,,stable_normal
c8ff46ad,P007,2026-09-27 03:13:00.635168+00:00,systolic_bp,123.49,device,DEV-P007-001,online,good,33.0,False,,stable_normal
39963c1a,P007,2026-09-28 00:13:00.635168+00:00,systolic_bp,123.0,device,DEV-P007-001,online,good,21.0,False,,stable_normal
1700d32f,P007,2026-09-28 21:13:00.635168+00:00,systolic_bp,124.08,device,DEV-P007-001,online,good,21.0,False,,stable_normal
c508a6b7,P007,2026-08-19 04:13:00.635168+00:00,weight_kg,68.32,device,DEV-P007-001,online,good,0.0,False,,stable_normal
1161bcb3,P007,2026-08-25 16:13:00.635168+00:00,weight_kg,68.48,device,DEV-P007-001,online,good,156.0,False,,stable_normal
771c68c5,P007,2026-09-02 03:13:00.635168+00:00,weight_kg,69.96,device,DEV-P007-001,online,good,179.0,False,,stable_normal
8d780cc3,P007,2026-09-09 05:13:00.635168+00:00,weight_kg,70.08,device,DEV-P007-001,online,good,170.0,False,,stable_normal
256b98d2,P007,2026-09-15 19:13:00.635168+00:00,weight_kg,70.89,device,DEV-P007-001,online,good,158.0,False,,stable_normal
c24c963e,P007,2026-09-22 15:13:00.635168+00:00,weight_kg,71.49,device,DEV-P007-001,online,good,164.0,False,,stable_normal
2f12fdd9,P008,2026-08-19 03:13:00.657606+00:00,diastolic_bp,72.33,device,DEV-P008-001,online,good,0.0,False,,concerning_trend
3724ae5d,P008,2026-08-19 14:13:00.657606+00:00,diastolic_bp,75.49,device,DEV-P008-001,intermittent,good,11.0,False,,concerning_trend
6db2f9f8,P008,2026-08-20 13:13:00.657606+00:00,diastolic_bp,73.55,device,DEV-P008-001,online,good,23.0,False,,concerning_trend
af32782a,P008,2026-08-22 03:13:00.657606+00:00,diastolic_bp,77.72,device,DEV-P008-001,online,good,38.0,False,,concerning_trend
b148902f,P008,2026-08-23 03:13:00.657606+00:00,diastolic_bp,77.09,device,DEV-P008-001,intermittent,suspect,24.0,False,,concerning_trend
6064a703,P008,2026-08-23 20:13:00.657606+00:00,diastolic_bp,68.84,device,DEV-P008-001,online,good,17.0,False,,concerning_trend
6948d63c,P008,2026-08-24 18:13:00.657606+00:00,diastolic_bp,73.04,device,DEV-P008-001,online,good,22.0,False,,concerning_trend
b5e01ec8,P008,2026-08-26 08:13:00.657606+00:00,diastolic_bp,73.13,device,DEV-P008-001,online,good,38.0,False,,concerning_trend
fcf7132f,P008,2026-08-26 18:13:00.657606+00:00,diastolic_bp,76.26,device,DEV-P008-001,intermittent,good,10.0,False,,concerning_trend
8939ac33,P008,2026-08-28 07:13:00.657606+00:00,diastolic_bp,75.68,device,DEV-P008-001,online,good,37.0,False,,concerning_trend
efe0bffc,P008,2026-08-28 22:13:00.657606+00:00,diastolic_bp,72.74,device,DEV-P008-001,online,good,15.0,False,,concerning_trend
7d5fee02,P008,2026-08-29 20:13:00.657606+00:00,diastolic_bp,76.99,device,DEV-P008-001,online,good,22.0,False,,concerning_trend
f7d2d7ea,P008,2026-08-31 00:13:00.657606+00:00,diastolic_bp,77.41,device,DEV-P008-001,online,good,28.0,False,,concerning_trend
7f236ee6,P008,2026-08-31 23:13:00.657606+00:00,diastolic_bp,78.02,device,DEV-P008-001,online,good,23.0,False,,concerning_trend
53ed13d9,P008,2026-09-02 07:13:00.657606+00:00,diastolic_bp,72.59,device,DEV-P008-001,online,good,32.0,False,,concerning_trend
b9da81e7,P008,2026-09-03 08:13:00.657606+00:00,diastolic_bp,75.44,device,DEV-P008-001,intermittent,good,25.0,False,,concerning_trend
59d6a9e0,P008,2026-09-03 23:13:00.657606+00:00,diastolic_bp,75.69,device,DEV-P008-001,online,good,15.0,False,,concerning_trend
de340d62,P008,2026-09-04 22:13:00.657606+00:00,diastolic_bp,74.99,device,DEV-P008-001,online,good,23.0,False,,concerning_trend
9a1f9b55,P008,2026-09-06 05:13:00.657606+00:00,diastolic_bp,68.96,device,DEV-P008-001,online,good,31.0,False,,concerning_trend
ffb6d7a3,P008,2026-09-06 22:13:00.657606+00:00,diastolic_bp,76.55,device,DEV-P008-001,online,good,17.0,False,,concerning_trend
abac6474,P008,2026-09-08 01:13:00.657606+00:00,diastolic_bp,75.26,device,DEV-P008-001,online,good,27.0,False,,concerning_trend
ead501db,P008,2026-09-09 02:13:00.657606+00:00,diastolic_bp,75.1,device,DEV-P008-001,online,good,25.0,False,,concerning_trend
ca4405bb,P008,2026-09-10 05:13:00.657606+00:00,diastolic_bp,76.49,device,DEV-P008-001,online,good,27.0,False,,concerning_trend
4f5af503,P008,2026-09-11 01:13:00.657606+00:00,diastolic_bp,75.53,device,DEV-P008-001,online,good,20.0,False,,concerning_trend
b125dd22,P008,2026-09-11 23:13:00.657606+00:00,diastolic_bp,76.5,device,DEV-P008-001,online,good,22.0,False,,concerning_trend
ffb1475e,P008,2026-09-13 01:13:00.657606+00:00,diastolic_bp,73.87,device,DEV-P008-001,online,good,26.0,False,,concerning_trend
4761c9ab,P008,2026-09-14 06:13:00.657606+00:00,diastolic_bp,72.48,device,DEV-P008-001,online,good,29.0,False,,concerning_trend
bee32e1a,P008,2026-09-14 19:13:00.657606+00:00,diastolic_bp,76.54,device,DEV-P008-001,online,good,13.0,False,,concerning_trend
257473a4,P008,2026-09-15 23:13:00.657606+00:00,diastolic_bp,74.42,device,DEV-P008-001,online,good,28.0,False,,concerning_trend
83e1f5ef,P008,2026-09-16 23:13:00.657606+00:00,diastolic_bp,74.08,device,DEV-P008-001,online,good,24.0,False,,concerning_trend
049e6c7a,P008,2026-09-17 19:13:00.657606+00:00,diastolic_bp,75.28,device,DEV-P008-001,online,good,20.0,False,,concerning_trend
b7448247,P008,2026-09-19 01:13:00.657606+00:00,diastolic_bp,75.59,device,DEV-P008-001,intermittent,good,30.0,False,,concerning_trend
7a403925,P008,2026-09-19 20:13:00.657606+00:00,diastolic_bp,72.86,device,DEV-P008-001,online,good,19.0,False,,concerning_trend
12dc2d8b,P008,2026-09-20 14:13:00.657606+00:00,diastolic_bp,75.53,device,DEV-P008-001,online,good,18.0,False,,concerning_trend
28b1132a,P008,2026-09-21 23:13:00.657606+00:00,diastolic_bp,72.92,device,DEV-P008-001,online,good,33.0,False,,concerning_trend
821785da,P008,2026-09-22 22:13:00.657606+00:00,diastolic_bp,76.36,device,DEV-P008-001,online,good,23.0,False,,concerning_trend
d0e655e8,P008,2026-09-23 23:13:00.657606+00:00,diastolic_bp,75.2,device,DEV-P008-001,online,good,25.0,False,,concerning_trend
cd239d38,P008,2026-09-25 06:13:00.657606+00:00,diastolic_bp,73.75,device,DEV-P008-001,online,good,31.0,False,,concerning_trend
ffae70fb,P008,2026-09-25 19:13:00.657606+00:00,diastolic_bp,77.44,device,DEV-P008-001,online,good,13.0,False,,concerning_trend
684df7b8,P008,2026-09-27 05:13:00.657606+00:00,diastolic_bp,75.19,device,DEV-P008-001,online,good,34.0,False,,concerning_trend
5a689ede,P008,2026-09-28 06:13:00.657606+00:00,diastolic_bp,77.7,device,DEV-P008-001,online,good,25.0,False,,concerning_trend
651af239,P008,2026-09-28 18:13:00.657606+00:00,diastolic_bp,77.77,device,DEV-P008-001,online,good,12.0,False,,concerning_trend
f786c8ba,P008,2026-08-19 05:13:00.657606+00:00,fetal_movement,9.0,device,DEV-P008-001,online,good,0.0,False,,concerning_trend
2d7d829e,P008,2026-08-20 13:13:00.657606+00:00,fetal_movement,10.0,device,DEV-P008-001,online,good,32.0,False,,concerning_trend
8ce5d6d6,P008,2026-08-22 17:13:00.657606+00:00,fetal_movement,8.0,device,DEV-P008-001,intermittent,suspect,52.0,True,,concerning_trend
c6feeadd,P008,2026-08-25 02:13:00.657606+00:00,fetal_movement,7.0,device,DEV-P008-001,online,good,57.0,True,,concerning_trend
5a187e6b,P008,2026-08-27 02:13:00.657606+00:00,fetal_movement,6.0,device,DEV-P008-001,intermittent,good,48.0,False,,concerning_trend
a7695d13,P008,2026-08-29 01:13:00.657606+00:00,fetal_movement,10.0,device,DEV-P008-001,online,good,47.0,False,,concerning_trend
365b053e,P008,2026-08-31 02:13:00.657606+00:00,fetal_movement,7.0,device,DEV-P008-001,online,good,49.0,True,,concerning_trend
6209f5d3,P008,2026-09-02 09:13:00.657606+00:00,fetal_movement,6.0,device,DEV-P008-001,online,good,55.0,True,,concerning_trend
4647d476,P008,2026-09-03 19:13:00.657606+00:00,fetal_movement,8.0,device,DEV-P008-001,online,good,34.0,False,,concerning_trend
992b306a,P008,2026-09-06 04:13:00.657606+00:00,fetal_movement,9.0,device,DEV-P008-001,online,good,57.0,True,,concerning_trend
c5d59591,P008,2026-09-07 15:13:00.657606+00:00,fetal_movement,6.0,device,DEV-P008-001,online,good,35.0,False,,concerning_trend
ce287f17,P008,2026-09-10 04:13:00.657606+00:00,fetal_movement,7.0,device,DEV-P008-001,online,good,61.0,True,,concerning_trend
ea0e2eb8,P008,2026-09-11 23:13:00.657606+00:00,fetal_movement,9.0,device,DEV-P008-001,online,good,43.0,False,,concerning_trend
586cd69b,P008,2026-09-13 22:13:00.657606+00:00,fetal_movement,6.0,device,DEV-P008-001,online,good,47.0,False,,concerning_trend
3fa8a947,P008,2026-09-16 01:13:00.657606+00:00,fetal_movement,10.0,device,DEV-P008-001,online,good,51.0,True,,concerning_trend
d80c123c,P008,2026-09-17 16:13:00.657606+00:00,fetal_movement,8.0,device,DEV-P008-001,online,good,39.0,False,,concerning_trend
4a66c031,P008,2026-09-19 22:13:00.657606+00:00,fetal_movement,8.0,device,DEV-P008-001,online,good,54.0,True,,concerning_trend
627854d2,P008,2026-09-22 09:13:00.657606+00:00,fetal_movement,7.0,device,DEV-P008-001,online,good,59.0,True,,concerning_trend
83443b03,P008,2026-09-24 02:13:00.657606+00:00,fetal_movement,8.0,device,DEV-P008-001,online,good,41.0,False,,concerning_trend
590f987f,P008,2026-09-25 16:13:00.657606+00:00,fetal_movement,6.0,device,DEV-P008-001,online,good,38.0,False,,concerning_trend
68d20183,P008,2026-09-28 07:13:00.657606+00:00,fetal_movement,10.0,device,DEV-P008-001,online,good,63.0,True,,concerning_trend
f4add1aa,P008,2026-08-19 05:13:00.657606+00:00,heart_rate,72.56,device,DEV-P008-001,online,good,0.0,False,,concerning_trend
5a5327a7,P008,2026-08-19 20:13:00.657606+00:00,heart_rate,71.37,device,DEV-P008-001,intermittent,good,15.0,False,,concerning_trend
02ac3692,P008,2026-08-20 21:13:00.657606+00:00,heart_rate,74.87,device,DEV-P008-001,online,good,25.0,True,,concerning_trend
c3a17eee,P008,2026-08-21 18:13:00.657606+00:00,heart_rate,82.9,device,DEV-P008-001,online,good,21.0,False,,concerning_trend
05d323d3,P008,2026-08-23 01:13:00.657606+00:00,heart_rate,80.97,device,DEV-P008-001,intermittent,suspect,31.0,True,,concerning_trend
d16e423e,P008,2026-08-23 18:13:00.657606+00:00,heart_rate,81.83,device,DEV-P008-001,online,good,17.0,False,,concerning_trend
205af6da,P008,2026-08-24 21:13:00.657606+00:00,heart_rate,71.71,device,DEV-P008-001,online,good,27.0,True,,concerning_trend
6d353fb0,P008,2026-08-26 02:13:00.657606+00:00,heart_rate,79.58,device,DEV-P008-001,online,good,29.0,True,,concerning_trend
358ee90b,P008,2026-08-26 18:13:00.657606+00:00,heart_rate,82.16,device,DEV-P008-001,intermittent,good,16.0,False,,concerning_trend
2bdb24ce,P008,2026-08-27 22:13:00.657606+00:00,heart_rate,75.84,device,DEV-P008-001,online,good,28.0,True,,concerning_trend
51d57b4d,P008,2026-08-28 21:13:00.657606+00:00,heart_rate,80.7,device,DEV-P008-001,online,good,23.0,False,,concerning_trend
e3101237,P008,2026-08-30 00:13:00.657606+00:00,heart_rate,79.66,device,DEV-P008-001,online,good,27.0,True,,concerning_trend
edbfe35e,P008,2026-08-30 21:13:00.657606+00:00,heart_rate,83.59,device,DEV-P008-001,online,good,21.0,False,,concerning_trend
145bf0ac,P008,2026-09-01 09:13:00.657606+00:00,heart_rate,70.85,device,DEV-P008-001,online,good,36.0,True,,concerning_trend
8801a736,P008,2026-09-02 04:13:00.657606+00:00,heart_rate,72.79,device,DEV-P008-001,online,good,19.0,False,,concerning_trend
ade1c1e9,P008,2026-09-03 10:13:00.657606+00:00,heart_rate,77.77,device,DEV-P008-001,intermittent,good,30.0,True,,concerning_trend
be6d7f2a,P008,2026-09-04 05:13:00.657606+00:00,heart_rate,73.35,device,DEV-P008-001,online,good,19.0,False,,concerning_trend
d3658097,P008,2026-09-04 15:13:00.657606+00:00,heart_rate,75.87,device,DEV-P008-001,online,good,10.0,False,,concerning_trend
925405de,P008,2026-09-06 06:13:00.657606+00:00,heart_rate,82.62,device,DEV-P008-001,online,good,39.0,True,,concerning_trend
27d3e73a,P008,2026-09-07 03:13:00.657606+00:00,heart_rate,81.86,device,DEV-P008-001,online,good,21.0,False,,concerning_trend
ec598db2,P008,2026-09-07 15:13:00.657606+00:00,heart_rate,77.08,device,DEV-P008-001,online,good,12.0,False,,concerning_trend
39fa5cc4,P008,2026-09-09 03:13:00.657606+00:00,heart_rate,77.34,device,DEV-P008-001,online,good,36.0,True,,concerning_trend
949407ae,P008,2026-09-10 00:13:00.657606+00:00,heart_rate,74.12,device,DEV-P008-001,online,good,21.0,False,,concerning_trend
3c67ae41,P008,2026-09-10 20:13:00.657606+00:00,heart_rate,80.43,device,DEV-P008-001,online,good,20.0,False,,concerning_trend
446d2425,P008,2026-09-11 19:13:00.657606+00:00,heart_rate,77.9,device,DEV-P008-001,online,good,23.0,False,,concerning_trend
3a495258,P008,2026-09-13 04:13:00.657606+00:00,heart_rate,80.36,device,DEV-P008-001,online,good,33.0,True,,concerning_trend
fbdf417e,P008,2026-09-14 07:13:00.657606+00:00,heart_rate,88.3,device,DEV-P008-001,online,good,27.0,True,,concerning_trend
931fce50,P008,2026-09-14 17:13:00.657606+00:00,heart_rate,82.6,device,DEV-P008-001,online,good,10.0,False,,concerning_trend
0ea6456b,P008,2026-09-16 03:13:00.657606+00:00,heart_rate,76.95,device,DEV-P008-001,online,good,34.0,True,,concerning_trend
edbce996,P008,2026-09-16 22:13:00.657606+00:00,heart_rate,72.74,device,DEV-P008-001,online,good,19.0,False,,concerning_trend
b36efe63,P008,2026-09-17 18:13:00.657606+00:00,heart_rate,79.08,device,DEV-P008-001,online,good,20.0,False,,concerning_trend
82ae2522,P008,2026-09-18 15:13:00.657606+00:00,heart_rate,78.73,device,DEV-P008-001,intermittent,good,21.0,False,,concerning_trend
2b888914,P008,2026-09-19 12:13:00.657606+00:00,heart_rate,74.97,device,DEV-P008-001,online,good,21.0,False,,concerning_trend
d7a83409,P008,2026-09-20 21:13:00.657606+00:00,heart_rate,77.97,device,DEV-P008-001,online,good,33.0,True,,concerning_trend
fa82d95f,P008,2026-09-22 09:13:00.657606+00:00,heart_rate,81.0,device,DEV-P008-001,online,good,36.0,True,,concerning_trend
d508ce1f,P008,2026-09-22 15:13:00.657606+00:00,heart_rate,75.66,device,DEV-P008-001,online,good,6.0,False,,concerning_trend
4a9780f1,P008,2026-09-23 21:13:00.657606+00:00,heart_rate,79.31,device,DEV-P008-001,online,good,30.0,True,,concerning_trend
0beb9863,P008,2026-09-24 20:13:00.657606+00:00,heart_rate,78.54,device,DEV-P008-001,online,good,23.0,False,,concerning_trend
5d6e3d4e,P008,2026-09-25 19:13:00.657606+00:00,heart_rate,76.92,device,DEV-P008-001,online,good,23.0,False,,concerning_trend
eaae17fc,P008,2026-09-27 04:13:00.657606+00:00,heart_rate,70.4,device,DEV-P008-001,online,good,33.0,True,,concerning_trend
75d41fbc,P008,2026-09-28 10:13:00.657606+00:00,heart_rate,78.77,device,DEV-P008-001,online,good,30.0,True,,concerning_trend
b4a4c571,P008,2026-09-28 17:13:00.657606+00:00,heart_rate,78.96,device,DEV-P008-001,online,good,7.0,False,,concerning_trend
703ceb41,P008,2026-08-19 04:13:00.657606+00:00,systolic_bp,120.79,device,DEV-P008-001,online,good,-3.0,False,,concerning_trend
b4d86e1f,P008,2026-08-19 07:13:00.657606+00:00,systolic_bp,121.26,health_worker,DEV-P008-001,online,good,0.0,False,,concerning_trend
6eff3506,P008,2026-08-20 02:13:00.657606+00:00,systolic_bp,123.59,device,DEV-P008-001,intermittent,good,22.0,False,,concerning_trend
922d598f,P008,2026-08-21 00:13:00.657606+00:00,systolic_bp,122.69,device,DEV-P008-001,online,good,22.0,False,,concerning_trend
25435c3b,P008,2026-08-21 18:13:00.657606+00:00,systolic_bp,126.1,device,DEV-P008-001,online,good,18.0,False,,concerning_trend
dfd49560,P008,2026-08-23 01:13:00.657606+00:00,systolic_bp,125.98,device,DEV-P008-001,intermittent,suspect,31.0,False,,concerning_trend
bedf44e6,P008,2026-08-23 23:13:00.657606+00:00,systolic_bp,131.48,device,DEV-P008-001,online,good,22.0,False,,concerning_trend
f549a8ed,P008,2026-08-25 00:13:00.657606+00:00,systolic_bp,128.09,device,DEV-P008-001,online,good,25.0,False,,concerning_trend
49c634b9,P008,2026-08-26 03:13:00.657606+00:00,systolic_bp,121.71,device,DEV-P008-001,online,good,27.0,False,,concerning_trend
744db046,P008,2026-08-26 16:13:00.657606+00:00,systolic_bp,124.22,device,DEV-P008-001,intermittent,good,13.0,False,,concerning_trend
27328358,P008,2026-08-28 01:13:00.657606+00:00,systolic_bp,129.3,device,DEV-P008-001,online,good,33.0,False,,concerning_trend
bbf301b7,P008,2026-08-28 23:13:00.657606+00:00,systolic_bp,124.7,device,DEV-P008-001,online,good,22.0,False,,concerning_trend
3d05b99d,P008,2026-08-29 16:13:00.657606+00:00,systolic_bp,126.69,device,DEV-P008-001,online,good,17.0,False,,concerning_trend
893bab20,P008,2026-08-30 22:13:00.657606+00:00,systolic_bp,128.52,device,DEV-P008-001,online,good,30.0,False,,concerning_trend
8e6c04c7,P008,2026-08-31 22:13:00.657606+00:00,systolic_bp,132.48,device,DEV-P008-001,online,good,24.0,False,,concerning_trend
8087b73f,P008,2026-09-01 23:13:00.657606+00:00,systolic_bp,129.01,device,DEV-P008-001,online,good,-9.0,False,,concerning_trend
8eaf315b,P008,2026-09-02 08:13:00.657606+00:00,systolic_bp,129.32,health_worker,DEV-P008-001,online,good,34.0,False,,concerning_trend
3a33b0e1,P008,2026-09-03 05:13:00.657606+00:00,systolic_bp,136.66,device,DEV-P008-001,intermittent,good,30.0,False,,concerning_trend
6b0ae0b8,P008,2026-09-04 05:13:00.657606+00:00,systolic_bp,140.85,device,DEV-P008-001,online,good,24.0,False,,concerning_trend
ac087efb,P008,2026-09-04 12:13:00.657606+00:00,systolic_bp,139.66,device,DEV-P008-001,online,good,7.0,False,,concerning_trend
632badc6,P008,2026-09-05 21:13:00.657606+00:00,systolic_bp,134.62,device,DEV-P008-001,online,good,33.0,False,,concerning_trend
145720ac,P008,2026-09-06 21:13:00.657606+00:00,systolic_bp,145.96,device,DEV-P008-001,online,good,24.0,False,,concerning_trend
c5aa6858,P008,2026-09-07 15:13:00.657606+00:00,systolic_bp,140.38,device,DEV-P008-001,online,good,18.0,False,,concerning_trend
dd6cbfaa,P008,2026-09-09 03:13:00.657606+00:00,systolic_bp,144.62,device,DEV-P008-001,online,good,36.0,False,,concerning_trend
03c92382,P008,2026-09-10 04:13:00.657606+00:00,systolic_bp,152.32,device,DEV-P008-001,online,good,25.0,False,,concerning_trend
80172873,P008,2026-09-10 15:13:00.657606+00:00,systolic_bp,148.21,device,DEV-P008-001,online,good,11.0,False,,concerning_trend
661b062c,P008,2026-09-11 23:13:00.657606+00:00,systolic_bp,153.93,device,DEV-P008-001,online,good,32.0,False,,concerning_trend
260ebe1b,P008,2026-09-12 21:13:00.657606+00:00,systolic_bp,154.2,device,DEV-P008-001,online,good,22.0,False,,concerning_trend
60727039,P008,2026-09-14 08:13:00.657606+00:00,systolic_bp,154.68,device,DEV-P008-001,online,good,35.0,False,,concerning_trend
aa788cbf,P008,2026-09-14 23:13:00.657606+00:00,systolic_bp,153.19,device,DEV-P008-001,online,good,15.0,False,,concerning_trend
25ac9fd7,P008,2026-09-15 20:13:00.657606+00:00,systolic_bp,155.07,device,DEV-P008-001,online,good,-10.0,False,,concerning_trend
c98ba519,P008,2026-09-16 06:13:00.657606+00:00,systolic_bp,155.16,health_worker,DEV-P008-001,online,good,31.0,False,,concerning_trend
d80c7c48,P008,2026-09-17 02:13:00.657606+00:00,systolic_bp,162.9,device,DEV-P008-001,online,good,30.0,False,,concerning_trend
78b6a9f9,P008,2026-09-17 19:13:00.657606+00:00,systolic_bp,166.34,device,DEV-P008-001,online,good,17.0,False,,concerning_trend
3f8fc79a,P008,2026-09-18 23:13:00.657606+00:00,systolic_bp,163.88,device,DEV-P008-001,intermittent,good,28.0,False,,concerning_trend
f55c4b92,P008,2026-09-19 19:13:00.657606+00:00,systolic_bp,162.17,device,DEV-P008-001,online,good,20.0,False,,concerning_trend
0bab6a56,P008,2026-09-20 23:13:00.657606+00:00,systolic_bp,163.71,device,DEV-P008-001,online,good,28.0,False,,concerning_trend
0f9ce6fb,P008,2026-09-22 05:13:00.657606+00:00,systolic_bp,170.11,device,DEV-P008-001,online,good,30.0,False,,concerning_trend
f295a20f,P008,2026-09-22 13:13:00.657606+00:00,systolic_bp,171.73,device,DEV-P008-001,online,good,8.0,False,,concerning_trend
06664467,P008,2026-09-23 16:13:00.657606+00:00,systolic_bp,177.14,device,DEV-P008-001,online,good,27.0,False,,concerning_trend
c249d979,P008,2026-09-25 06:13:00.657606+00:00,systolic_bp,173.23,device,DEV-P008-001,online,good,38.0,False,,concerning_trend
f9861217,P008,2026-09-25 16:13:00.657606+00:00,systolic_bp,174.89,device,DEV-P008-001,online,good,10.0,False,,concerning_trend
377c6a85,P008,2026-09-27 09:13:00.657606+00:00,systolic_bp,176.2,device,DEV-P008-001,online,good,41.0,False,,concerning_trend
e00a0a44,P008,2026-09-27 23:13:00.657606+00:00,systolic_bp,179.08,device,DEV-P008-001,online,good,14.0,False,,concerning_trend
500196b2,P008,2026-09-28 19:13:00.657606+00:00,systolic_bp,183.51,device,DEV-P008-001,online,good,20.0,False,,concerning_trend
ed18459f,P008,2026-08-19 08:13:00.657606+00:00,weight_kg,68.93,device,DEV-P008-001,online,good,0.0,False,,concerning_trend
4cb8eb9e,P008,2026-08-26 01:13:00.657606+00:00,weight_kg,69.46,device,DEV-P008-001,online,good,161.0,False,,concerning_trend
60d72980,P008,2026-09-01 23:13:00.657606+00:00,weight_kg,70.0,device,DEV-P008-001,online,good,166.0,False,,concerning_trend
5392bc0b,P008,2026-09-09 01:13:00.657606+00:00,weight_kg,70.65,device,DEV-P008-001,online,good,170.0,False,,concerning_trend
fcc0d8ca,P008,2026-09-16 08:13:00.657606+00:00,weight_kg,71.19,device,DEV-P008-001,online,good,175.0,False,,concerning_trend
400d6f54,P008,2026-09-22 12:13:00.657606+00:00,weight_kg,71.62,device,DEV-P008-001,online,good,148.0,False,,concerning_trend
